4	219
5	83
48	87
9	78
9	93
19	69
15	960
16	40
14	70
16	53
1	68
48	136
25	52
50	75
37	56
25	64
50	48
35	44
12	34
21	153
20	42
14	31
9	40
10	41
10	40
20	39
14	41
16	41
12	41
17	42
18	41
15	43
17	40
16	34
23	38
14	40
13	42
11	40
15	32
14	32
27	33
6	49
16	37
11	33
12	30
12	40
20	39
15	41
25	39
10	40
23	42
23	40
22	40
16	40
15	42
24	42
14	40
16	39
17	41
23	39
18	38
21	41
25	38
23	41
11	39
13	40
9	41
14	38
9	40
9	41
18	40
19	41
15	40
20	41
18	42
17	42
16	40
18	39
20	38
20	36
21	41
20	40
19	34
27	41
16	32
18	32
17	31
20	41
20	41
21	40
20	33
19	40
27	40
19	33
19	33
19	41
19	40
19	39
19	41
19	32
17	32
26	33
18	32
14	34
15	32
17	40
19	35
12	41
16	36
19	40
15	40
14	39
15	40
16	40
15	33
13	41
15	39
17	39
14	33
14	33
22	34
26	33
21	32
23	32
23	33
18	41
15	39
16	42
16	37
16	37
17	33
20	34
20	40
21	31
27	33
20	35
19	32
27	34
16	34
17	40
18	38
25	40
19	41
13	42
18	36
10	41
21	35
8	36
11	32
22	32
16	33
18	33
15	32
10	39
19	35
13	40
14	41
20	39
28	41
14	40
20	41
14	41
17	34
25	41
14	42
22	39
11	41
19	41
19	40
15	39
24	34
15	32
15	31
23	32
14	33
15	34
24	31
16	40
11	36
14	41
11	40
15	39
19	39
15	41
29	39
22	41
14	35
15	40
17	39
17	41
25	40
13	41
13	39
13	41
17	35
15	40
15	39
14	40
16	39
18	40
16	42
9	38
10	41
17	32
19	31
10	32
11	42
11	42
12	39
15	39
16	34
14	33
12	33
14	31
10	32
12	31
22	31
13	39
21	34
13	36
17	40
18	40
21	40
12	38
16	42
14	38
11	32
17	40
17	41
13	41
14	33
12	35
22	32
17	39
17	33
23	41
19	39
14	41
24	39
18	41
13	39
12	39
11	36
9	39
10	41
13	40
15	40
16	39
13	38
13	42
21	35
7	37
9	32
16	33
18	34
6	39
14	33
12	39
12	33
15	41
19	39
10	40
14	39
15	39
14	40
13	40
8	37
17	40
12	40
16	41
16	39
10	43
13	39
14	37
14	35
12	33
12	32
22	32
14	32
14	34
13	32
17	39
13	35
13	41
13	39
14	40
10	39
15	41
20	40
20	41
20	41
17	40
16	40
10	39
19	31
19	36
17	33
16	33
19	36
14	40
21	32
13	31
17	32
21	34
15	32
21	33
19	33
20	32
22	32
12	31
15	35
11	41
18	41
16	40
16	34
14	37
12	41
9	39
14	40
13	42
12	40
18	41
16	35
15	40
9	39
16	38
8	44
15	41
11	38
13	40
24	35
17	41
27	40
12	42
13	40
17	41
20	40
16	38
17	33
14	41
19	40
18	40
18	39
21	41
21	40
19	41
14	33
18	33
16	32
14	32
18	32
18	33
17	33
19	38
19	35
20	40
17	42
23	40
17	37
21	42
24	40
24	40
21	41
19	31
18	35
17	32
27	33
21	32
19	33
22	39
17	35
14	37
18	40
23	38
26	40
8	43
13	39
20	40
25	33
22	40
13	39
15	39
20	38
23	41
20	40
24	39
22	33
19	31
15	34
16	32
14	32
19	33
21	32
13	38
19	33
17	42
17	31
21	34
16	33
18	34
18	32
19	31
16	35
22	40
16	40
20	39
23	41
23	41
20	38
18	40
22	41
16	32
20	33
18	31
21	33
16	33
13	33
17	40
21	32
24	39
16	40
15	38
27	49
26	42
17	40
24	43
20	36
15	44
19	40
21	39
17	40
19	41
15	40
21	39
28	33
21	31
14	33
15	31
23	32
10	34
17	33
27	40
20	43
21	39
12	41
24	41
12	41
17	36
18	41
19	40
19	33
25	39
19	40
21	41
26	40
14	40
18	40
18	40
18	32
13	32
17	32
20	32
16	33
23	34
21	33
18	39
19	33
15	41
18	39
26	39
29	42
20	36
17	39
17	40
22	33
16	41
16	39
21	41
24	41
16	42
15	42
21	40
27	35
26	40
17	41
20	40
15	38
21	42
19	42
10	35
27	32
21	41
12	40
24	38
25	40
19	41
13	41
20	41
19	35
27	40
28	40
21	40
16	41
21	39
27	39
17	41
17	34
16	32
12	31
27	40
12	41
16	40
11	40
19	38
11	33
24	40
19	40
16	40
10	38
15	41
17	39
12	38
12	34
13	40
13	41
14	36
14	37
13	38
11	42
15	41
11	32
11	43
17	40
18	39
16	41
19	41
14	41
12	34
16	35
11	41
19	40
18	38
15	40
26	42
22	40
26	40
18	33
18	38
12	33
16	32
11	32
13	33
6	37
14	33
8	39
13	32
8	37
8	39
12	32
15	34
11	32
13	33
9	32
11	33
16	33
15	32
15	33
27	42
18	40
17	41
14	36
10	31
10	34
9	32
17	33
15	31
18	32
15	41
12	35
13	41
16	40
11	37
13	39
14	40
18	41
20	38
11	37
13	40
16	42
20	40
14	41
15	41
21	41
14	41
24	40
31	40
23	43
19	39
12	40
13	42
16	42
18	35
14	39
23	36
16	42
19	44
23	39
19	37
21	33
15	34
19	43
15	42
21	39
14	42
20	41
18	45
16	41
21	41
19	35
19	34
15	33
21	31
16	33
18	32
22	32
16	41
22	40
17	40
15	42
28	40
17	41
21	38
15	41
12	41
20	33
15	39
24	39
13	40
13	41
22	40
17	33
22	32
13	35
11	33
14	32
18	32
18	32
12	33
18	33
15	31
14	33
13	32
15	33
19	33
18	32
12	34
11	33
17	34
13	35
14	38
9	40
13	39
15	40
13	41
22	40
12	39
13	33
14	32
15	33
19	31
19	32
20	34
20	33
16	32
14	34
19	31
11	33
17	32
16	32
19	38
14	34
21	32
23	33
10	32
12	31
18	41
17	38
9	45
21	30
13	32
21	33
27	33
17	32
23	33
22	32
19	42
20	39
22	42
12	34
15	34
11	33
18	32
17	43
16	41
16	42
14	40
14	34
13	32
12	31
12	41
13	39
11	41
17	37
26	42
16	34
10	32
16	32
16	33
6	42
13	34
13	33
15	41
26	34
11	39
13	40
22	41
16	40
14	42
11	40
16	41
15	34
14	32
19	32
21	33
13	33
12	32
15	31
17	33
13	33
33	33
14	33
21	33
16	32
14	32
18	35
13	33
21	32
20	33
17	32
28	32
24	33
28	42
15	40
20	40
13	42
19	41
14	41
12	37
18	39
16	40
11	41
18	40
15	40
26	38
22	41
26	40
12	42
20	40
17	41
15	41
13	33
16	40
12	40
17	47
11	40
10	41
10	40
13	39
13	33
13	41
13	39
13	41
13	39
13	41
13	36
20	32
16	43
21	76
22	34
19	38
21	37
22	37
22	48
23	37
21	37
22	35
16	32
25	34
21	33
22	32
20	32
29	34
26	34
27	34
25	31
26	33
20	34
26	32
16	32
22	32
22	34
16	38
20	32
19	31
20	32
17	34
23	37
20	37
21	37
24	36
25	37
21	37
25	41
26	37
24	36
25	40
19	35
20	32
26	33
23	34
22	33
16	31
20	33
23	38
24	34
22	40
23	35
20	40
20	37
28	35
22	40
18	37
27	38
23	32
24	32
18	31
19	37
17	117
14	47
17	42
24	34
26	108
30	32
21	33
15	32
19	34
15	32
15	33
27	33
29	40
14	33
20	32
24	33
26	42
15	39
16	34
13	38
16	32
18	33
15	32
20	32
25	34
24	32
23	41
16	33
20	41
15	40
20	41
17	41
20	41
21	38
14	36
19	35
23	33
24	32
17	34
22	40
29	40
22	39
24	40
26	36
18	33
23	33
25	34
16	33
9	34
16	31
13	33
15	35
17	39
16	32
20	31
20	32
14	34
26	32
27	31
19	34
26	32
17	34
9	32
9	31
23	33
15	37
17	40
14	40
17	34
19	32
24	33
26	80
30	33
21	32
15	41
19	41
15	41
15	39
27	41
29	40
14	39
17	42
20	43
24	35
26	41
15	40
16	40
13	41
16	40
16	41
18	40
15	41
20	32
25	33
24	32
23	39
16	41
20	40
15	41
20	40
15	33
17	33
20	32
21	34
14	32
19	33
23	41
24	41
17	41
22	37
29	42
22	38
24	41
26	40
18	41
23	34
25	32
16	32
9	34
16	43
13	38
15	40
17	53
16	43
20	35
14	31
20	33
14	32
26	34
27	32
19	41
26	42
17	40
9	41
9	42
23	40
11	41
14	91
19	53
24	38
25	133
18	44
17	40
15	38
17	38
17	39
19	38
11	38
14	33
20	32
13	31
13	33
12	31
14	34
14	39
17	38
17	39
14	38
15	41
15	38
15	38
19	42
11	38
17	42
15	37
15	40
14	39
16	39
16	40
19	39
14	39
16	35
18	70
48	94
25	50
50	67
41	67
25	35
50	49
39	46
16	46
17	46
16	35
21	39
17	41
27	43
25	42
25	39
24	33
23	32
23	32
22	32
27	32
26	33
23	33
25	38
24	41
29	41
20	36
22	38
28	39
21	42
28	41
23	38
21	38
22	40
18	34
26	39
24	36
18	36
20	34
19	37
18	38
22	38
20	36
20	38
28	35
26	34
20	37
25	40
32	36
28	32
24	34
27	32
24	34
8504	1544
102416	2857
17	73
13	53
96	160
64	87
11	98
8	113
8	60
9	65
10	51
9	71
5	68
4	53
12	52
32	54
8	46
24	35
13	102
8	65
288	120
8	170
15	87
640	107
25	88
13	74
32	42
32	39
12	59
11	60
36	142
40	102
64	66
64	162
64	82
64	52
64	83
40	47
48	55
56	71
48	54
56	53
56	59
64	66
64	60
320	1544
20	100
276	205
21	44
26	43
27	41
536	73
12	33
9	33
9	34
12	34
1056	170
12	43
31	87
25	80
27	80
128	47
27	84
128	65
30	69
24	45
2096	243
28	129
25	74
16	44
16	44
9	49
12	47
1	59
9	75
9	42
1	51
32	54
11	51
18	93
16	45
15	37
17	35
19	35
20	35
17	36
16	37
16	38
18	34
20	37
18	36
17	38
17	39
19	38
13	40
21	37
21	38
22	36
26	153
21	41
16	34
18	37
20	37
25	44
12	39
22	36
15	38
16	33
17	35
18	38
25	39
21	40
16	38
15	35
15	35
12	33
10	33
9	36
24	35
733	193
148	84
56	55
360	346
144	57
576	55
1152	193
2304	103
4608	140
9216	147
18432	148
5	67
19	47
23	34
120	298
5	60
16560	171
32	118
40	60
96	46
24	61
40	231
96	60
10	65
16	45
10	55
24	64
26	263
13	114
14	71
14	43
14	32
12	41
18	43
20	44
8	63
27	66
148	177
816	223
84	75
24	56
18	63
16	30
15	48
17	34
27	42
19	33
20	34
17	35
16	32
16	43
18	32
20	33
18	34
17	32
17	30
19	31
13	35
21	35
21	35
22	33
26	32
21	35
16	30
18	31
20	30
23	30
25	34
12	34
22	30
15	31
16	31
17	29
18	35
25	35
21	36
16	33
15	30
15	31
19	35
20	31
19	34
12	32
10	34
9	33
36	71
22	125
16	50
15	63
25	50
13	48
20	35
25	36
21	37
13	34
17	33
18	34
18	33
19	33
23	32
30	47
18	33
19	33
20	33
22	34
19	32
14	33
15	34
14	32
18	32
15	35
24	33
18	33
19	34
20	32
13	33
16	31
24	34
25	39
17	36
12	34
20	34
21	31
13	32
18	32
23	30
13	43
16	32
16	31
25	36
30	33
13	35
8	44
18	41
21	32
16	33
16	33
16	33
17	33
13	33
13	34
14	30
23	29
26	35
26	32
26	34
26	33
27	32
15	35
16	34
19	34
17	33
14	33
12	34
13	46
12	33
13	32
12	33
13	34
16	33
23	31
23	34
23	32
26	34
26	31
26	32
30	35
30	32
30	35
20	36
19	33
25	57
17	35
17	32
20	32
20	34
20	34
24	34
24	34
24	37
16	33
21	31
16	34
25	34
16	34
22	34
17	30
15	33
23	31
17	32
27	35
21	37
11	32
23	33
22	30
21	30
16	32
21	30
16	34
25	35
16	33
22	30
17	36
15	33
13	33
17	34
27	34
21	34
12	31
12	34
13	33
19	32
20	32
14	33
15	31
10	35
27	34
27	33
11	34
18	35
26	35
13	34
21	30
22	30
34	37
13	38
14	33
15	35
25	35
23	35
24	34
36	33
34	37
46	80
20	35
30	34
24	36
33	36
30	34
39	35
9	35
26	33
26	32
10	33
23	35
11	32
18	34
23	35
12	35
9	34
8	42
25	38
30	34
24	36
26	33
21	34
23	33
23	31
23	33
26	34
12	35
13	37
18	32
22	37
13	36
19	34
14	85
14	32
24	35
18	32
17	32
24	34
33	35
18	33
26	32
33	33
31	32
19	35
28	39
26	32
23	33
22	34
21	36
20	36
16	35
14	34
25	36
23	35
20	34
19	33
24	32
28	33
31	37
21	36
15	37
13	34
11	36
14	34
12	33
19	48
22	32
38	35
28	31
25	32
18	34
16	33
16	33
14	34
24	33
22	32
19	31
30	36
28	32
25	31
24	47
43	36
33	35
34	34
17	36
20	31
14	35
19	34
20	32
24	33
28	34
23	34
26	33
29	32
34	32
25	33
23	33
20	33
15	35
27	35
25	32
28	32
26	34
20	36
21	33
19	36
22	33
20	34
13	30
29	34
25	33
26	33
24	40
24	32
19	34
27	39
18	35
14	34
12	32
13	33
21	32
31	36
12	36
14	33
25	35
25	33
21	34
22	31
20	33
20	30
18	32
29	34
29	31
25	33
26	31
24	37
24	33
21	34
30	113
28	32
26	32
25	32
23	34
20	32
21	34
26	35
15	33
15	34
15	33
16	32
28	33
26	31
19	32
21	30
22	32
21	31
26	35
20	32
20	31
20	33
17	30
25	33
24	36
16	33
12	34
12	33
12	31
13	31
17	32
18	34
18	32
21	33
22	44
15	33
16	31
16	31
16	35
17	34
7	38
23	30
26	35
24	33
33	34
36	32
27	32
21	33
24	32
11	33
12	31
13	31
16	33
12	34
20	33
10	36
17	83
12	32
11	32
9	31
12	37
22	40
16	34
12	32
14	34
10	34
12	35
17	49
17	46
22	36
16	35
24	34
19	36
18	29
26	34
20	33
30	35
28	36
20	34
21	33
20	32
21	32
20	34
21	33
20	35
21	35
18	32
21	33
21	35
29	36
30	33
29	34
29	33
31	34
26	33
31	34
27	33
38	33
13	38
14	34
14	34
17	30
19	35
18	35
25	34
14	36
14	31
18	33
19	32
18	32
19	34
12	34
14	34
16	33
16	32
24	31
16	33
20	34
19	36
20	33
19	32
20	43
19	33
20	33
20	32
21	36
19	32
20	36
19	34
20	33
19	33
20	32
20	33
21	35
19	33
20	31
19	32
20	33
19	33
20	35
20	35
21	34
19	33
20	36
19	32
20	32
19	33
20	32
20	33
21	35
26	37
26	34
28	33
28	36
28	33
28	34
26	30
26	37
28	32
28	34
28	36
28	32
26	34
26	33
28	34
28	35
28	31
28	32
18	44
17	33
15	36
13	32
13	35
14	34
24	35
22	33
33	36
26	34
17	36
14	32
22	33
23	31
20	34
21	33
20	34
21	34
10	33
16	45
17	36
18	34
21	33
22	49
15	32
15	35
28	35
14	33
22	37
14	34
22	34
12	35
20	33
12	33
17	31
15	33
16	33
15	34
16	33
15	32
16	33
15	32
16	35
13	35
13	35
24	47
13	34
24	42
18	35
19	35
16	32
17	33
16	32
17	33
15	32
15	34
26	36
15	31
26	36
16	32
16	33
16	34
17	35
16	35
21	33
22	34
23	32
20	33
21	34
20	31
21	34
19	35
19	35
30	35
19	37
30	34
20	35
20	33
20	34
14	31
30	37
31	32
28	32
12	35
13	34
12	33
13	32
12	33
13	33
13	34
14	33
12	33
13	33
12	34
13	32
12	32
13	33
13	35
14	34
12	33
13	80
12	34
13	34
12	32
13	33
13	34
14	34
12	34
13	33
12	32
13	33
12	31
13	31
13	33
14	33
22	32
19	42
19	32
21	33
21	32
21	32
21	33
19	34
19	33
21	33
21	34
21	32
21	81
19	71
19	87
21	34
21	32
21	33
21	34
24	35
14	34
19	35
13	34
19	32
18	32
26	40
27	33
26	32
27	33
27	31
28	34
27	30
26	34
27	31
17	36
18	33
17	33
18	101
17	30
18	30
17	34
18	32
17	105
18	33
17	32
18	33
17	31
18	33
17	33
18	44
17	35
18	34
19	34
19	32
19	32
19	30
20	32
20	34
20	34
18	35
17	32
18	31
17	30
18	33
18	31
17	29
18	32
19	30
19	81
19	39
22	31
22	35
21	34
18	31
19	30
19	30
20	31
18	33
19	30
19	31
20	33
18	33
19	33
19	36
20	31
19	32
18	32
19	30
19	32
20	33
19	33
20	34
20	32
22	33
23	33
18	33
19	30
18	33
19	33
18	33
19	33
18	32
19	31
22	33
23	37
19	32
20	32
19	32
20	32
19	32
20	32
19	33
20	31
22	32
23	31
13	32
14	33
13	33
14	33
13	31
14	32
11	31
17	42
19	32
20	31
11	30
896	225
22	56
16	35
15	37
25	94
13	35
20	92
25	35
21	35
13	36
17	46
18	35
18	37
19	37
23	35
30	38
18	38
19	34
20	34
22	38
19	36
14	35
15	35
14	37
18	34
15	35
24	35
18	36
19	35
20	33
13	36
16	34
24	35
25	41
28	41
17	34
20	37
12	32
20	35
21	32
24	32
13	31
16	34
18	32
23	35
13	33
16	33
16	34
25	36
30	36
13	38
8	47
18	37
21	34
16	38
16	34
16	33
17	32
13	33
13	32
14	33
23	32
26	35
26	34
26	30
26	33
27	32
15	35
16	32
19	34
17	31
14	33
12	37
13	47
12	36
13	37
12	36
13	33
16	34
23	34
23	34
23	34
26	36
26	33
26	33
30	35
30	36
30	34
20	204
19	37
25	42
17	36
17	35
20	35
20	35
20	36
24	34
24	34
24	34
16	34
21	36
16	34
25	35
16	37
22	36
17	35
15	36
23	34
17	36
27	38
21	35
11	34
23	35
22	34
21	35
16	37
21	38
16	34
25	38
16	38
22	36
17	41
15	38
13	39
17	36
27	36
21	45
12	35
12	35
13	34
19	33
20	37
14	34
15	35
10	33
27	38
27	36
11	37
18	37
26	34
13	34
21	33
22	33
34	37
13	36
14	34
15	33
25	36
23	34
24	34
36	35
34	33
46	32
20	36
30	35
24	35
33	40
30	48
39	36
9	37
26	33
26	32
10	32
23	36
11	36
18	35
23	37
12	34
9	34
8	38
25	34
30	32
24	37
26	37
21	37
23	35
23	35
23	31
26	42
12	38
13	36
18	37
22	36
13	34
19	39
14	37
14	36
24	39
18	37
17	37
24	34
33	38
18	35
26	35
33	34
31	34
19	36
28	367
26	33
23	36
22	33
21	34
20	109
16	34
14	34
25	35
23	34
20	34
19	32
24	31
28	45
31	38
21	39
15	117
13	38
11	36
14	37
12	35
19	34
22	32
38	35
28	34
25	33
18	39
16	35
16	38
14	48
24	38
22	36
19	35
30	37
28	37
25	37
24	36
43	36
33	34
34	32
17	35
20	32
14	34
19	33
20	31
24	32
28	35
23	34
26	34
29	33
34	33
25	34
23	37
20	37
15	36
27	38
25	37
28	36
26	35
20	33
21	33
19	33
22	34
20	47
13	33
29	35
25	36
26	32
24	37
24	33
19	33
27	34
18	35
14	32
12	35
13	36
21	35
31	36
12	37
14	74
25	35
25	33
21	37
22	33
20	35
20	34
18	37
29	35
29	38
25	35
26	85
24	89
24	78
21	36
30	41
28	131
26	37
25	104
23	36
20	34
21	108
26	36
15	35
15	37
15	37
16	34
28	36
26	38
19	38
21	36
22	33
21	33
26	34
20	36
20	94
20	53
17	54
25	89
24	36
16	34
12	35
12	31
12	88
13	34
17	35
18	36
18	38
21	35
22	37
15	37
16	34
16	34
16	36
17	35
7	46
23	34
26	38
24	35
33	36
36	33
27	35
21	35
24	35
11	34
12	34
13	32
16	34
12	33
20	33
10	32
17	34
12	33
11	34
9	33
12	34
22	33
16	33
12	31
14	35
10	31
12	33
17	36
17	34
22	34
16	36
24	33
19	35
18	34
26	39
31	37
20	33
30	34
28	34
33	35
20	32
21	33
20	33
21	39
20	34
21	205
20	38
21	38
18	37
21	35
21	34
29	36
30	34
29	37
29	36
31	35
26	36
31	34
27	34
38	36
13	40
14	38
14	35
17	36
19	36
18	41
25	39
14	37
14	38
18	34
19	75
18	37
19	37
12	40
14	39
16	37
21	38
16	31
24	38
16	39
20	41
19	37
20	41
19	40
20	38
19	40
20	38
20	38
21	38
19	37
20	39
19	41
20	39
19	35
20	34
20	41
21	36
19	36
20	38
19	38
20	35
19	36
20	37
20	41
21	37
19	39
20	37
19	37
20	34
19	35
20	37
20	34
21	33
26	40
26	36
28	36
28	46
28	34
28	34
26	35
26	46
28	38
28	35
28	34
28	36
26	43
26	36
28	37
28	39
28	39
28	37
18	39
17	35
15	36
13	35
13	36
14	38
24	35
22	34
33	42
26	102
17	36
14	35
22	36
23	35
20	34
21	33
20	34
21	35
10	35
16	33
17	34
18	36
21	35
22	113
15	34
15	34
28	103
19	34
14	33
22	32
14	38
22	34
12	36
20	35
12	35
17	32
15	32
16	34
15	33
16	32
15	33
16	86
15	36
16	37
13	34
13	37
24	36
13	39
24	37
18	34
19	32
16	35
17	34
16	34
17	34
15	33
15	33
26	38
15	38
26	38
16	40
16	39
16	39
17	38
16	37
21	91
22	36
23	38
20	33
21	34
20	118
21	35
19	36
19	34
30	79
19	36
30	38
20	35
20	35
20	34
14	37
30	38
31	36
28	34
12	34
13	35
12	34
13	32
12	34
13	66
13	37
14	110
12	34
13	38
12	36
13	36
12	41
13	36
13	37
14	37
12	38
13	106
12	36
13	34
12	35
13	37
13	39
14	37
12	103
13	42
12	36
13	39
12	40
13	37
13	38
14	33
22	34
19	35
19	33
21	34
21	111
21	37
21	36
19	32
19	81
21	75
21	37
21	33
21	34
19	35
19	34
21	35
21	34
21	34
21	33
24	35
14	37
19	35
13	36
19	34
18	39
26	96
27	37
26	37
27	36
27	37
28	37
27	36
26	35
27	39
17	40
18	36
17	37
18	37
17	46
18	34
17	36
18	36
17	35
18	33
17	35
18	35
17	35
18	37
17	39
18	37
17	36
18	45
19	35
19	34
19	34
19	32
20	34
20	37
20	45
18	35
17	36
18	35
17	37
18	37
18	37
17	38
18	37
19	49
19	38
19	36
22	35
22	35
21	34
18	36
19	35
19	35
20	38
18	37
19	38
19	40
20	37
18	38
19	34
19	39
20	38
19	36
18	36
19	35
19	34
20	38
19	36
20	39
20	37
22	35
23	86
18	33
19	33
18	36
19	34
18	35
19	37
18	96
19	35
22	32
23	44
19	36
20	37
19	38
20	36
19	36
20	33
19	33
20	36
22	34
23	35
13	35
14	36
13	34
14	35
13	38
14	34
11	38
17	36
19	38
20	34
11	35
4368	640
11600	209
1120	197
40	67
32	50
40	47
24	47
32	44
24	62
32	48
200	118
200	155
24	335
32	140
24	63
32	86
6	109
5	117
32	170
3	81
128	115
1	74
32	60
8	38
200	150
32	62
304	147
32	96
304	487
304	131
304	125
304	244
64	66
304	115
304	113
304	173
304	484
128	236
304	265
304	129
304	127
304	187
304	236
304	121
304	168
304	109
256	211
304	103
304	236
304	112
304	3193
304	113
304	108
304	165
304	110
304	108
304	173
304	123
304	102
304	102
200	74
200	152
24	157
24	46
32	66
8	124
8	81
8	62
10	78
9	129
9	93
128	85
128	84
5	104
192	107
4	67
3	41
32	58
2	215
128	109
11	45
32	69
8	36
200	236
304	304
304	172
304	150
512	320
304	132
304	458
304	332
304	166
304	158
304	138
304	136
304	126
304	131
304	167
304	136
304	164
304	146
304	148
304	151
304	149
304	150
304	152
304	152
304	208
304	141
304	168
304	139
304	155
304	4387
304	176
304	154
200	156
200	164
24	59
64	315
24	40
32	51
4	145
4	78
4	60
10	129
9	100
9	99
128	83
128	67
6	63
3	47
32	96
2	149
128	99
5	94
11	236
32	44
8	45
200	502
304	192
304	157
304	144
304	129
304	128
1024	202
304	140
304	107
304	152
304	232
304	160
304	138
304	141
304	146
304	165
304	133
304	125
304	122
304	126
304	126
304	138
304	130
304	2548
304	136
304	130
304	119
304	122
304	123
304	131
304	128
304	140
88	275
32	141
88	120
88	117
368	165
80	131
32	125
80	82
80	74
80	77
80	69
64	75
80	75
80	76
80	71
80	70
128	86
80	66
80	100
80	70
80	70
80	75
80	71
80	76
80	70
256	158
80	1862
80	69
80	68
80	68
80	97
80	78
80	69
80	69
80	69
80	70
80	189
80	149
80	78
80	92
80	75
80	103
512	173
80	63
80	72
80	71
80	73
80	78
80	70
80	71
80	66
80	66
80	99
80	70
80	63
80	75
80	66
80	68
80	68
80	67
80	65
80	82
80	125
80	94
80	67
80	66
80	65
80	98
80	72
80	77
80	70
80	68
80	78
80	137
80	109
1024	226
80	70
80	72
80	66
80	119
80	77
80	77
80	68
80	69
80	63
80	110
80	114
80	69
80	65
80	66
80	65
80	73
80	68
80	64
80	67
80	128
80	283
80	254
80	64
80	230
80	118
80	263
80	69
80	75
80	67
80	241
80	66
80	563
80	230
80	189
80	154
80	139
80	109
80	209
80	150
80	66
80	152
80	230
80	72
80	70
80	341
80	64
80	143
80	68
80	68
80	68
80	131
80	134
80	320
80	82
80	69
80	69
80	67
80	113
80	171
80	586
80	373
80	121
80	148
80	219
2048	7145
80	510
80	145
80	125
80	450
80	66
80	65
80	70
80	140
80	145
80	211
80	167
80	66
80	64
80	280
80	65
80	117
80	76
80	182
80	69
80	71
80	246
80	82
80	239
80	152
80	63
80	167
80	234
80	309
80	66
80	64
80	65
80	578
80	259
80	66
80	720
80	122
80	79
80	10459
80	75
80	64
80	65
80	352
80	387
80	366
80	64
80	331
80	69
80	295
80	147
80	394
80	377
80	436
80	33941
80	163
80	78
80	73
80	65
80	65
80	68
80	65
80	66
80	77
80	78
80	107
80	69
80	67
80	71
80	64
80	65
80	80
80	75
80	74
80	65
80	164
80	75
80	77
80	66
80	82
80	80
80	2187
80	66
80	64
80	130
80	66
80	101
80	71
80	67
80	65
80	70
80	69
80	118
80	64
80	71
80	67
80	67
80	107
80	69
80	69
80	72
80	113
80	64
80	71
80	74
80	64
80	68
80	99
80	135
80	70
80	65
80	66
80	68
80	71
80	74
80	72
80	67
80	135
80	170
80	71
80	79
80	65
80	65
80	73
80	1580
80	68
80	67
80	63
80	64
80	85
4096	1552
80	213
80	88
80	76
80	130
80	71
80	275
80	71
80	72
80	75
80	118
80	73
80	77
80	69
80	79
80	82
80	77
80	125
80	72
80	74
80	70
80	99
80	199
80	84
80	72
80	69
80	72
80	162
80	66
80	123
80	65
80	71
80	96
80	64
80	118
80	65
80	65
80	73
80	69
80	64
80	67
80	65
80	190
80	159
80	67
80	83
80	66
80	64
80	68
80	65
80	69
80	73
80	68
80	154
80	74
80	68
80	67
80	67
80	95
80	1975
80	109
80	66
80	64
80	114
80	75
80	64
80	65
80	116
80	127
80	66
80	67
80	66
80	63
80	64
80	84
80	72
80	71
80	66
80	67
80	67
80	69
80	69
80	128
80	149
80	438
80	77
80	66
80	69
80	69
80	142
80	65
80	118
80	72
80	161
80	118
80	65
80	83
80	68
80	131
80	67
80	75
80	4996
80	62
80	68
80	68
80	63
80	132
80	150
80	69
80	77
80	65
80	64
80	63
80	65
80	69
80	69
80	65
80	158
80	66
80	69
80	154
80	65
80	65
80	73
80	77
80	69
80	64
80	71
80	232
80	120
80	140
80	64
80	70
80	64
80	64
80	76
80	66
80	73
80	85
80	66
80	246
80	76
80	66
80	66
80	1868
80	64
80	73
80	65
80	64
80	83
80	70
80	124
80	69
80	70
80	68
80	116
80	306
80	65
80	66
80	64
80	126
80	73
80	69
80	71
80	66
80	63
80	70
80	111
80	64
80	66
80	165
80	69
80	66
80	116
80	65
80	68
80	66
80	73
80	71
80	69
80	125
80	81
80	66
80	70
80	64
80	112
80	73
80	1433
80	71
80	66
80	64
80	63
80	80
80	72
80	476
80	70
80	112
80	67
80	83
80	68
80	65
80	68
80	119
80	73
80	118
80	75
80	68
80	114
80	70
80	90
80	71
80	65
80	73
80	133
80	67
80	167
80	72
80	69
80	66
80	68
80	68
80	64
80	134
80	65
80	84
80	80
80	119
80	150
80	70
80	1779
80	63
80	105
80	120
80	68
80	579
80	74
80	170
80	74
80	66
80	67
80	154
80	70
80	146
80	63
80	70
80	87
80	69
80	64
80	62
80	63
80	64
80	63
80	71
80	65
80	66
80	67
80	82
8192	1781
80	403
80	96
80	82
80	85
80	71
80	66
80	68
80	69
80	71
80	102
80	72
80	70
80	78
80	75
80	70
80	78
80	77
80	72
80	68
80	69
80	83
80	68
80	71
80	73
80	130
80	69
80	69
80	67
80	84
80	68
80	67
80	258
80	75
80	118
80	75
80	180
80	69
80	74
80	81
80	67
80	71
80	130
80	265
80	80
80	75
80	74
80	72
80	66
80	66
80	63
80	64
80	66
80	86
80	66
80	72
80	64
80	72
80	2397
80	65
80	111
80	66
80	62
80	158
80	220
80	72
80	67
80	66
80	66
80	68
80	65
80	67
80	70
80	71
80	102
80	67
80	63
80	69
80	68
80	64
80	69
80	73
80	116
80	65
80	65
80	93
80	79
80	73
80	68
80	74
80	64
80	65
80	66
80	63
80	72
80	66
80	93
80	67
80	65
80	65
80	2155
80	62
80	157
80	68
80	68
80	68
80	97
80	73
80	132
80	70
80	64
80	66
80	65
80	65
80	63
80	67
80	65
80	97
80	68
80	71
80	65
80	70
80	68
80	69
80	67
80	65
80	66
80	70
80	94
80	70
80	66
80	64
80	64
80	65
80	67
80	67
80	68
80	67
80	92
80	72
80	70
80	67
80	70
80	1483
80	65
80	70
80	70
80	65
80	64
80	91
80	73
80	64
80	70
80	73
80	77
80	70
80	73
80	64
80	73
80	72
80	93
80	73
80	66
80	66
80	65
80	66
80	67
80	65
80	66
80	67
80	99
80	79
80	65
80	69
80	70
80	67
80	70
80	71
80	68
80	66
80	65
80	96
80	68
80	77
80	76
80	66
80	1372
80	64
80	66
80	69
80	66
80	69
80	94
80	362
80	69
80	68
80	72
80	64
80	67
80	66
80	64
80	65
80	95
80	74
80	64
80	65
80	65
80	66
80	64
80	76
80	63
80	63
80	65
80	94
80	73
80	73
80	68
80	70
80	63
80	69
80	68
80	65
80	69
80	67
80	90
80	74
80	67
80	67
80	1394
80	119
80	64
80	64
80	64
80	67
80	98
80	66
80	70
80	65
80	65
80	67
80	70
80	71
80	72
80	63
80	64
80	145
80	77
80	69
80	71
80	66
80	66
80	66
80	65
80	63
80	65
80	64
80	94
80	71
80	64
80	64
80	65
80	72
80	68
80	71
80	69
80	68
80	103
80	66
80	70
80	67
80	72
80	1342
80	71
80	68
80	68
80	65
80	69
80	92
80	122
80	71
80	74
80	71
80	72
80	71
80	65
80	114
80	67
80	65
80	90
80	69
80	70
80	72
80	65
80	64
80	69
80	65
80	69
80	69
80	99
80	78
80	71
80	67
80	68
80	70
80	69
80	79
80	72
80	66
80	65
80	77
80	79
80	66
80	64
80	69
80	1364
80	65
80	67
80	69
80	65
80	130
80	109
80	73
80	74
80	72
80	67
80	72
80	65
80	64
80	67
80	65
80	79
80	69
80	67
80	64
80	68
80	65
80	68
80	67
80	65
80	73
80	65
80	84
80	69
80	76
80	68
80	68
80	64
80	65
80	66
80	65
80	66
80	70
80	80
80	67
80	77
80	73
80	1375
80	70
80	66
80	66
80	66
80	64
80	79
80	65
80	65
80	76
80	71
80	117
80	66
80	67
80	64
80	67
80	69
80	110
80	65
80	68
80	70
80	66
80	65
80	69
80	69
80	65
80	64
80	65
80	82
80	65
80	71
80	78
80	70
80	68
80	68
80	71
80	74
80	64
80	80
80	63
80	71
80	62
80	64
80	99
80	72
80	66
80	67
80	70
80	65
80	102
80	71
80	71
80	69
80	67
80	66
80	65
80	64
80	66
80	67
80	116
80	111
80	72
80	64
80	109
80	68
80	66
80	65
80	65
80	72
80	70
80	84
80	69
80	76
80	71
80	73
80	65
80	71
80	65
80	67
80	68
80	67
80	77
80	73
80	66
80	68
80	67
80	2573
80	74
80	67
80	68
80	66
80	151
80	82
80	65
80	67
80	66
80	74
80	69
80	71
80	66
80	64
80	66
80	83
80	65
80	79
80	65
80	67
80	66
80	71
80	66
80	65
80	68
80	69
80	104
80	63
80	72
80	73
80	69
80	65
80	69
80	63
80	113
80	67
80	66
80	93
80	67
80	120
80	69
80	1364
80	65
80	69
80	65
16	184
40	38
96	192
16	46
96	131
640	137
32	57
32	49
11	64
17	72
56	159
19	43
32	99
120	156
5	71
16560	6431
5	88
16560	1135
5	52
16560	145
24	62
52	145
1792	483
80	408
80	107
80	111
8024	190
8008	432
7992	318
5	70
16560	335
80	86
15984	306
8000	186
32	123
32	60
320	335
32	124
32	115
48	99
640	190
96	44
64	46
192	63
1280	214
128	50
384	308
2560	237
256	48
768	142
5120	221
512	190
1536	173
10240	471
1024	632
3072	205
20480	4408
2048	193
6144	139
40960	2081
4096	192
12288	161
81920	7484
8192	560
24576	191
163840	4328
16384	234
49152	275
327680	3748
32768	173
98304	177
655360	8056
65536	183
196608	267
32	180
32	341
56016	373
32	221
32	102
32	122
32	432
32	164
32	279
64	119
16	196
96	141
80	142
16000	1287
80	105
8016	241
16	85
96	51
8008	349
16	181
96	69
16	470
96	173
5	146
16560	503
8000	414
7984	790
16	84
96	80
7976	413
16	97
96	60
80	133
15952	468
80	52
7992	176
16	89
96	74
16	633
96	273
5	147
16560	1583
80	174
15984	488
80	136
80	129
8016	276
112032	650
16	213
96	139
7992	836
16	74
96	49
7984	329
16	74
96	47
16	567
96	334
5	146
16560	1535
7968	696
16	93
96	114
7960	478
16	82
96	57
7936	516
16	76
96	58
16	855
96	181
5	76
16560	1087
7920	478
80	126
15840	833
7928	281
16	100
96	102
16	102
96	57
7904	445
16	86
96	58
16	431
96	165
5	79
16560	1430
80	112
15808	285
80	101
7920	248
7896	752
16	106
96	129
7872	540
16	81
96	56
7864	349
16	94
96	53
16	113
96	69
16	537
96	231
5	76
16560	919
80	113
15728	271
80	105
7880	269
80	184
15760	904
80	117
80	136
7904	282
16	86
96	107
16	91
96	57
7896	321
16	91
96	47
16	472
96	225
5	147
16560	916
7880	561
16	100
96	107
7856	366
16	86
96	52
80	69
15712	454
80	46
80	38
7880	351
16	82
96	52
16	657
96	234
5	73
16560	1476
80	136
15760	421
7888	192
7880	657
16	104
96	129
80	55
15760	647
80	54
7896	154
16	75
96	51
16	114
96	57
16	1804
96	310
5	165
16560	2741
7872	1245
80	104
15744	933
7880	196
16	92
96	138
7856	363
16	84
96	62
7840	718
16	90
96	78
16	673
96	235
5	106
16560	2048
80	192
15680	488
80	112
7856	312
80	113
15712	846
80	68
80	39
7880	151
16	102
96	120
80	57
15760	319
80	101
7896	118
16	65
96	54
16	216
96	63
16	625
96	205
5	145
16560	1457
80	1012
15792	754
80	214
80	306
7920	149
16	115
96	78
7896	282
16	87
96	59
7888	311
16	101
96	99
16	510
96	411
5	196
16560	1578
80	229
15776	682
80	149
7904	201
80	172
15808	927
7912	164
16	86
96	59
7888	2611
16	700
96	132
16	579
96	95
16	1243
96	206
5	146
16560	1607
7880	447
80	125
15760	1209
80	111
7896	325
16	88
96	56
80	190
15792	753
7904	127
16	89
96	78
80	135
15808	484
7912	141
16	84
96	81
16	1450
96	217
5	146
16560	2368
7888	598
16	488
96	533
80	458
15776	3648
7896	249
16	238
96	41
80	111
15792	567
80	49
80	93
7920	125
16	78
96	38
16	1093
96	236
5	195
16560	2005
80	652
15840	179
7928	154
16	209
96	281
7904	3333
16	77
96	53
80	78
15808	397
80	49
80	39
7928	226
16	66
96	57
16	1140
96	198
5	148
16560	1260
7904	1039
7880	1145
16	114
96	51
7856	1033
16	90
96	46
16	123
96	53
16	1089
96	306
5	145
16560	1422
7832	971
16	149
96	58
80	397
15664	462
7840	298
16	95
96	53
7816	609
16	97
96	62
7800	458
16	95
96	43
16	1445
96	518
5	435
16560	3597
7784	2287
7776	1179
16	150
96	92
16	154
96	91
5	219
16560	906
7768	1375
16	115
96	78
80	133
15536	564
7776	255
16	105
96	42
7752	599
16	98
96	56
16	913
96	156
80	113
15504	1269
80	109
80	99
7776	134
16	91
96	42
5	69
16560	353
7768	212
80	120
15536	1057
7776	134
16	124
96	68
80	129
15552	383
7784	155
16	83
96	46
16	114
96	56
16	1111
96	484
7760	2664
16	227
96	172
5	356
16560	1316
80	375
15520	1204
80	193
80	173
7784	520
80	225
15568	1341
80	82
7800	278
16	105
96	80
7784	480
16	117
96	63
5	98
16560	420
7768	362
80	124
15536	1766
80	152
7784	382
16	98
96	70
7760	439
16	103
96	101
16	125
96	53
16	651
96	170
16	142
96	60
5	121
16560	1245
7752	557
80	231
15504	2282
80	109
7768	414
16	172
96	106
80	54
15536	541
7776	539
16	89
96	39
7760	506
16	180
96	66
16	1338
96	238
80	175
15520	1079
7768	181
16	96
96	49
5	146
16560	516
80	142
15536	497
80	55
80	46
7792	203
7768	989
16	175
96	62
80	134
15536	728
80	133
7784	198
16	96
96	60
7776	340
16	74
96	50
16	1749
96	179
7760	777
16	86
96	61
80	132
15520	767
80	76
80	50
7784	214
16	78
96	57
5	142
16560	534
80	130
15568	426
7792	171
80	147
15584	1048
80	109
7808	194
16	88
96	59
16	142
96	67
7792	579
16	96
96	42
16	1443
96	657
16	641
96	307
5	620
16560	2671
7768	1764
16	274
96	203
16	402
96	167
5	124
16560	2276
7752	489
7728	1197
16	239
96	87
80	236
15456	766
7736	430
16	107
96	68
7720	718
16	92
96	62
16	509
96	221
80	195
15440	1329
80	112
80	104
7744	256
16	96
96	67
5	168
16560	738
80	145
15488	499
7752	256
80	126
15504	1950
80	483
80	211
7776	252
16	85
96	61
80	315
15552	217
80	376
80	247
7800	110
16	85
96	47
7792	273
16	105
96	49
16	875
96	266
16	375
96	242
5	467
16560	2246
80	321
15584	1062
80	663
7808	397
7792	1167
16	165
96	80
80	97
15584	520
7800	226
16	168
96	88
5	198
16560	1232
80	435
15600	1055
7808	356
80	726
15616	1404
80	120
7824	183
16	123
96	74
7800	513
16	86
96	75
7792	407
16	104
96	54
16	1333
96	200
7776	1016
16	81
96	57
5	91
16560	575
7760	372
80	187
15520	1161
80	139
7776	412
16	101
96	51
80	118
15552	609
80	108
80	39
7800	205
16	153
96	58
7784	334
16	130
96	48
16	859
96	311
80	617
15568	2515
80	252
7800	714
16	317
96	212
5	470
16560	1678
7784	1505
16	237
96	165
80	430
15568	4267
80	79
7800	394
16	1008
96	202
5	276
16560	716
7792	627
80	123
15584	919
80	122
80	101
7816	233
16	137
96	47
16	99
96	79
16	118
96	61
16	2232
96	509
7800	2857
16	653
96	162
5	254
16560	1538
7784	910
80	139
15568	1273
7792	352
16	114
96	96
80	639
15584	2937
7800	330
16	214
96	101
5	202
16560	1184
7784	1870
7776	824
16	130
96	69
80	145
15552	653
80	89
7792	251
16	98
96	67
16	466
96	55
16	476
96	354
7784	1304
16	103
96	65
80	144
15568	655
80	55
80	50
7808	218
16	87
96	56
5	154
16560	528
7784	331
16	147
96	78
16	87
96	43
7760	824
16	97
96	47
16	513
96	240
16	114
96	88
7744	627
16	538
96	241
16	885
96	177
5	70
16560	4201
7728	888
16	98
96	66
80	80
15456	425
7736	297
16	87
96	53
80	70
15472	408
80	61
7752	129
16	68
96	48
16	457
96	231
80	229
15504	1027
80	129
80	93
7776	359
16	134
96	58
7760	493
16	104
96	61
16	215
96	88
5	115
16560	919
80	376
15520	897
80	134
80	258
7784	252
7760	1216
16	134
96	67
80	60
15520	413
80	57
7776	158
16	90
96	49
7752	314
16	66
96	52
16	816
96	209
80	129
15504	1082
7760	192
16	132
96	46
80	69
15520	400
80	49
7776	185
16	89
96	47
16	517
96	141
5	182
16560	1409
80	354
15552	955
80	529
80	790
7800	191
16	137
96	82
80	692
15600	508
80	169
80	146
7824	116
16	92
96	44
7800	272
16	120
96	38
16	636
96	197
80	437
15600	1156
7808	181
16	88
96	64
7784	394
16	72
96	56
16	879
96	462
5	92
16560	3467
7760	409
80	144
15520	1129
80	56
7776	384
16	93
96	51
80	95
15552	339
80	51
7792	147
16	79
96	48
80	64
15584	413
80	60
80	45
7816	346
16	96
96	137
16	1015
96	203
80	1178
15632	850
80	69
7832	186
16	92
96	74
7816	640
16	85
96	74
16	1948
96	500
5	91
16560	3222
16	202
96	80
16	81
96	51
80	115
15632	596
80	54
80	461
7840	433
16	100
96	66
16	848
96	175
7824	1314
16	139
96	107
16	117
96	55
16	1327
96	533
5	96
16560	3247
16	133
96	115
80	458
15648	1516
7832	530
16	94
96	62
16	133
96	59
16	643
96	157
80	192
15664	979
80	643
7848	223
16	101
96	51
80	652
15696	196
80	148
80	200
7872	125
16	72
96	50
16	1295
96	241
5	86
16560	1452
80	399
15744	228
7880	149
80	499
15760	769
80	666
7896	167
16	102
96	65
7880	317
16	85
96	56
80	71
15760	275
80	55
80	440
7904	112
16	72
96	290
16	416
96	428
80	897
15808	476
80	334
7920	129
16	100
96	56
7904	754
16	97
96	57
16	547
96	202
5	96
16560	1042
7880	313
7856	696
16	111
96	64
80	62
15712	528
80	104
80	38
7880	172
16	72
96	42
16	318
96	47
16	823
96	147
7872	1130
16	74
96	51
80	134
15744	599
80	117
80	93
7896	238
16	83
96	55
16	532
96	282
5	236
16560	818
80	221
15792	505
80	45
80	185
7920	149
7904	795
16	107
96	58
80	116
15808	783
80	58
80	254
7928	129
16	94
96	40
80	426
15856	181
80	164
80	248
7952	96
16	296
96	89
16	600
96	169
7936	897
16	87
96	52
7912	358
16	78
96	48
16	653
96	228
5	148
16560	1003
7896	308
7888	655
16	96
96	105
80	71
15776	605
80	48
7904	178
16	95
96	65
7880	528
16	92
96	53
16	748
96	192
16	169
96	87
80	73
15760	636
80	57
7896	180
16	86
96	48
16	613
96	222
5	87
16560	1174
80	132
15792	273
80	106
7912	139
7904	911
16	100
96	148
16	93
96	62
80	99
15808	536
80	51
80	44
7928	207
16	92
96	242
16	556
96	154
7904	862
16	76
96	48
7880	296
16	82
96	62
16	1203
96	584
5	435
16560	2893
80	680
15760	1808
7888	657
80	412
15776	2615
80	254
7904	522
16	397
96	154
7880	1466
16	273
96	169
5	191
16560	968
7864	1055
7856	981
16	165
96	90
7832	800
16	189
96	137
16	309
96	186
7808	1342
16	149
96	99
80	109
15616	1261
7816	221
16	115
96	72
5	104
16560	689
80	218
15632	691
7824	163
80	159
15648	768
80	129
7840	173
16	95
96	54
7816	361
16	98
96	55
7800	582
16	132
96	41
16	439
96	191
80	182
15600	642
7808	240
16	93
96	61
16	142
96	72
5	85
16560	585
7800	305
7776	659
16	127
96	1723
80	422
15552	2988
80	343
7792	887
16	376
96	162
5	333
16560	1202
7776	965
16	360
96	498
16	269
96	147
5	316
16560	2132
7760	867
7752	877
16	139
96	123
80	129
15504	664
7760	385
16	105
96	52
16	870
96	58
16	536
96	151
7744	869
16	115
96	47
80	81
15488	402
80	69
80	138
7768	237
16	94
96	55
5	84
16560	333
7752	712
80	172
15504	1081
80	135
80	96
7776	231
16	96
96	51
80	125
15552	522
80	49
7792	223
16	89
96	58
80	137
15584	1115
80	273
7808	164
16	125
96	242
16	1084
96	361
7784	2275
16	342
96	247
5	562
16560	2041
80	556
15568	1802
80	166
7800	770
80	431
15600	2556
7808	596
16	361
96	180
7800	1435
16	304
96	173
5	402
16560	1500
7784	679
7776	918
16	142
96	85
16	126
96	86
7752	721
16	240
96	612
16	172
96	117
80	145
15504	917
7760	388
16	99
96	54
16	156
96	66
5	137
16560	457
7752	690
7744	733
16	117
96	62
80	202
15488	720
7752	198
16	102
96	71
80	154
15504	736
80	61
80	52
7776	216
16	97
96	239
16	391
96	186
80	114
15552	841
80	63
80	364
7800	293
16	89
96	48
7776	326
16	132
96	50
16	95
96	59
5	78
16560	437
80	82
15552	277
80	61
7792	185
80	154
15584	982
80	188
7808	184
16	115
96	68
16	98
96	58
7784	483
16	98
96	46
16	1016
96	286
80	294
15568	2264
80	272
80	267
7808	725
16	350
96	211
5	571
16560	1970
80	1859
15616	763
80	1241
80	449
7832	556
16	403
96	317
16	157
96	142
5	204
16560	2411
7816	918
80	148
15632	1084
80	84
7832	296
16	102
96	86
80	351
15664	339
7840	141
16	119
96	69
7824	773
16	457
96	212
16	971
96	168
16	160
96	91
5	118
16560	1197
80	136
15648	355
7832	193
7816	902
16	115
96	64
16	144
96	77
80	172
15632	567
7824	181
16	322
96	216
16	929
96	171
80	195
15648	1226
7832	159
16	125
96	53
5	143
16560	560
7824	546
7816	647
16	106
96	58
7800	493
16	87
96	58
80	117
15600	645
80	56
80	46
7824	176
16	86
96	170
16	600
96	240
80	325
15648	1914
80	191
7840	484
16	311
96	160
16	542
96	294
5	574
16560	1987
80	1125
15680	1389
7848	399
16	885
96	251
16	315
96	169
5	230
16560	1463
7824	671
80	138
15648	904
80	74
7840	359
16	122
96	64
80	85
15680	441
7848	142
16	113
96	58
80	898
15696	425
7856	191
16	408
96	144
16	762
96	72
80	552
15712	672
80	306
7872	117
16	87
96	50
5	92
16560	328
7864	727
16	83
96	123
80	61
15728	329
80	221
7880	115
16	78
96	43
7872	305
16	92
96	63
16	1122
96	514
7848	1824
16	359
96	189
5	478
16560	1714
7832	1481
16	193
96	131
16	216
96	117
5	226
16560	2506
80	141
15664	434
7840	246
16	151
96	167
7832	793
16	101
96	66
7808	448
16	132
96	56
16	564
96	159
16	147
96	71
5	145
16560	1183
80	181
15616	688
80	76
80	457
7832	251
16	82
96	51
7808	342
16	69
96	53
80	131
15616	484
7816	166
16	111
96	51
16	728
96	384
80	544
15632	2625
80	190
7832	636
16	362
96	237
5	524
16560	1860
80	290
15664	1261
80	199
80	134
7856	580
16	485
96	264
7840	2474
16	258
96	110
5	188
16560	1216
7824	792
80	182
15648	1234
80	113
7840	318
16	149
96	81
7832	598
16	193
96	62
80	300
15664	878
80	165
80	203
7856	284
16	134
96	59
16	283
96	113
7832	502
16	115
96	51
7824	357
16	123
96	51
5	114
16560	319
80	76
15648	288
80	68
80	47
7848	160
7832	470
16	101
96	57
80	55
15664	350
80	53
80	47
7856	162
16	70
96	40
7840	307
16	77
96	41
16	496
96	251
16	156
96	62
7832	678
16	103
96	49
5	145
16560	643
7824	428
7800	607
16	105
96	75
16	111
96	61
80	78
15600	292
7808	207
16	76
96	41
16	1013
96	655
7784	2318
16	355
96	210
5	475
16560	1730
80	410
15568	1699
80	184
7800	644
16	239
96	152
80	317
15600	1344
80	175
7816	324
16	348
96	330
5	134
16560	1036
7808	870
16	134
96	68
16	140
96	79
7800	354
16	84
96	121
16	581
96	294
80	328
15600	1528
7808	629
16	302
96	137
5	475
16560	2059
7784	1206
16	209
96	108
80	288
15568	803
7792	258
16	345
96	179
5	289
16560	1221
7784	646
7768	706
16	122
96	66
16	105
96	66
80	119
15536	826
80	134
7784	265
16	100
96	53
16	845
96	323
7768	2252
16	303
96	137
5	201
16560	1406
7744	1477
7720	933
16	166
96	82
7712	604
16	137
96	100
5	107
16560	773
7704	719
80	152
15408	1033
80	116
7720	372
16	91
96	111
80	143
15440	723
80	61
7736	221
16	95
96	66
7712	378
16	73
96	53
16	816
96	350
7696	760
16	80
96	55
5	88
16560	970
7680	393
16	149
96	142
7664	748
16	87
96	49
7640	450
16	77
96	48
16	511
96	143
7624	890
16	84
96	58
5	143
16560	740
80	132
15248	429
80	124
80	99
7648	328
80	101
15296	839
7656	156
16	80
96	59
16	142
96	77
7640	566
16	114
96	65
16	997
96	535
80	602
15280	2813
80	278
7656	871
16	365
96	183
5	370
16560	1257
7640	938
80	295
15280	1816
80	205
7656	829
16	210
96	125
80	306
15312	2102
80	259
7672	579
16	195
96	127
5	273
16560	1015
7656	902
80	294
15312	1636
7664	334
16	157
96	88
7656	903
16	173
96	81
7640	686
16	149
96	68
16	234
96	191
7624	721
16	153
96	91
7600	755
16	175
96	81
5	147
16560	645
7584	1070
7560	1284
16	186
96	100
16	191
96	88
80	191
15120	845
80	153
7576	542
16	371
96	708
16	205
96	148
16	205
96	89
80	103
15152	1039
80	97
80	88
7600	249
16	130
96	70
5	119
16560	607
80	127
15200	423
7608	188
7592	892
16	163
96	91
7568	530
16	165
96	83
7560	551
16	164
96	87
16	721
96	160
7536	1599
16	149
96	73
7520	771
16	147
96	92
16	141
96	70
5	119
16560	725
80	174
15040	458
80	82
7536	413
80	158
15072	885
80	83
80	129
7560	306
16	116
96	107
7544	371
16	108
96	64
7528	346
16	113
96	68
16	706
96	138
7520	977
16	110
96	52
7496	488
16	121
96	65
16	89
96	63
5	184
16560	825
7480	1744
16	107
96	114
7472	514
16	82
96	63
7464	335
16	105
96	39
16	616
96	253
80	176
14928	1163
80	49
7480	296
16	90
96	52
7472	495
16	99
96	59
16	105
96	60
5	144
16560	445
80	125
14944	455
80	165
80	47
7496	248
80	131
14992	822
80	124
7512	255
16	78
96	60
16	141
96	78
16	113
96	52
16	1266
96	551
80	605
15024	2648
80	744
7528	847
16	366
96	244
80	520
15056	1843
7536	782
16	343
96	196
5	318
16560	1526
7520	1847
7496	1243
16	279
96	94
7488	1062
16	477
96	206
5	171
16560	1757
80	143
14976	612
7496	650
80	216
14992	1066
80	167
80	51
7520	606
16	131
96	131
7496	456
16	100
96	51
16	205
96	72
16	1475
96	209
7472	779
16	121
96	79
5	99
16560	703
80	162
14944	587
7480	223
7472	724
16	113
96	62
7448	565
16	94
96	58
80	88
14896	420
80	57
7464	223
16	85
96	64
16	496
96	160
7456	641
16	112
96	68
5	144
16560	429
7432	531
16	242
96	100
80	58
14864	642
80	52
80	93
7456	340
16	87
96	50
7440	303
16	80
96	41
16	1224
96	219
80	178
14880	1189
7448	204
16	83
96	56
80	140
14896	527
80	54
7464	262
16	86
96	69
5	146
16560	447
80	133
14928	436
80	54
80	45
7488	217
80	345
14976	599
80	408
7504	167
16	87
96	55
80	202
15008	199
7512	177
16	78
96	40
7496	270
16	87
96	62
16	870
96	411
16	516
96	260
80	522
14992	2528
80	364
7512	1000
16	453
96	239
5	568
16560	1847
80	1853
15024	881
7520	565
7504	1122
16	200
96	98
7496	585
16	268
96	114
5	156
16560	1295
7472	702
80	144
14944	952
80	131
80	119
7496	499
16	125
96	148
7488	466
16	115
96	56
16	144
96	83
16	750
96	135
80	187
14976	1064
80	117
80	62
7512	213
16	89
96	48
5	87
16560	336
80	106
15024	310
80	237
7528	147
80	372
15056	528
80	100
7544	147
16	77
96	106
16	89
96	48
80	411
15088	192
80	156
7560	122
16	80
96	71
16	561
96	165
80	479
15120	732
80	374
80	102
7584	142
16	82
96	58
7576	285
16	94
96	49
5	72
16560	464
7560	202
80	192
15120	920
80	111
7576	318
16	87
96	52
80	118
15152	291
80	168
80	284
7600	120
16	83
96	45
16	117
96	52
16	906
96	301
7592	2879
16	346
96	238
5	522
16560	2056
80	290
15184	1303
7600	491
16	167
96	102
80	937
15200	395
80	381
80	255
7624	312
16	272
96	198
5	344
16560	1429
7616	946
16	141
96	73
80	99
15232	440
80	462
80	156
7640	246
16	137
96	51
80	509
15280	234
7648	158
16	118
96	123
16	1192
96	117
80	474
15296	407
80	263
80	100
7672	124
16	90
96	61
5	113
16560	560
80	346
15344	205
7680	140
80	524
15360	520
7688	173
16	92
96	69
7664	307
16	73
96	50
80	89
15328	308
7672	137
16	87
96	50
16	971
96	389
7648	612
16	90
96	44
7624	374
16	94
96	44
5	67
16560	266
80	94
15248	280
7632	145
7616	657
16	82
96	55
80	69
15232	353
80	59
7632	155
16	85
96	42
7624	277
16	87
96	62
16	1112
96	553
7616	1669
16	331
96	223
5	289
16560	1831
7592	1753
80	196
15184	1084
7600	816
16	136
96	131
80	114
15200	727
7608	219
16	173
96	85
5	121
16560	748
16	155
96	104
7600	838
16	102
96	67
80	69
15200	378
7608	167
16	93
96	60
16	672
96	278
7584	2267
16	323
96	125
5	251
16560	867
7560	1149
80	337
15120	1613
7568	438
16	146
96	96
16	239
96	126
5	239
16560	841
7560	672
7552	705
16	127
96	119
7536	580
16	118
96	74
80	123
15072	562
7544	266
16	91
96	78
16	475
96	129
16	112
96	45
5	66
16560	1116
80	112
15088	295
80	54
80	92
7568	154
16	141
96	89
80	69
15136	571
80	108
80	44
7592	172
16	72
96	63
80	235
15184	173
7600	97
16	93
96	51
7576	314
16	87
96	50
16	1036
96	654
7568	1714
16	363
96	190
5	479
16560	1805
80	351
15136	1087
80	245
80	172
7592	894
80	164
15184	1121
7600	263
16	146
96	98
80	104
15200	448
80	390
80	364
7624	246
16	156
96	80
5	87
16560	693
7600	442
7576	929
16	122
96	61
80	71
15152	561
80	61
7592	196
16	90
96	66
80	80
15184	331
7600	122
16	92
96	58
16	515
96	349
80	220
15200	1025
80	119
7616	210
16	96
96	45
5	108
16560	582
80	82
15232	262
80	302
80	156
7640	126
80	871
15280	435
80	193
80	120
7664	108
16	102
96	42
16	87
96	50
16	136
96	52
16	615
96	347
7640	2460
16	366
96	187
5	571
16560	1995
16	202
96	127
7632	1381
16	147
96	89
5	126
16560	867
7616	445
16	155
96	97
7592	883
16	93
96	48
80	88
15184	407
80	91
7608	229
16	93
96	44
16	546
96	178
16	146
96	79
5	148
16560	924
7584	553
16	143
96	84
16	107
96	50
7568	649
16	82
96	39
16	752
96	288
7544	2371
16	339
96	229
5	547
16560	2254
80	574
15088	2195
7552	718
16	383
96	256
7528	2724
16	333
96	272
5	264
16560	1097
7512	1176
80	248
15024	946
7520	404
16	129
96	81
7496	680
16	147
96	68
7480	538
16	180
96	57
16	316
96	131
7456	1092
16	116
96	64
80	116
14912	787
7464	361
16	114
96	74
5	179
16560	600
7456	568
7440	836
16	91
96	58
80	113
14880	575
7448	207
16	77
96	47
16	117
96	55
16	747
96	321
80	623
14896	2554
80	280
80	353
7472	950
16	388
96	220
5	562
16560	1932
7464	1752
7448	1630
16	266
96	139
7440	1423
16	298
96	146
5	312
16560	1443
7432	1140
16	283
96	147
7424	1177
16	136
96	62
7416	566
16	145
96	66
16	246
96	130
80	103
14832	1389
80	126
7432	461
16	99
96	58
80	94
14864	472
80	63
80	67
7456	200
16	92
96	55
5	100
16560	408
7448	330
7440	598
16	102
96	58
7432	399
16	98
96	49
16	143
96	123
16	452
96	199
80	135
14864	701
80	64
80	122
7456	381
16	78
96	40
80	78
14912	343
7464	131
16	66
96	50
16	82
96	47
5	60
16560	298
7440	252
80	127
14880	865
80	96
80	59
7464	281
16	73
96	52
7440	334
16	83
96	60
80	59
14880	270
80	51
80	46
7464	160
16	72
96	45
16	392
96	206
16	143
96	77
80	155
14928	1111
80	284
7480	137
16	102
96	61
16	106
96	64
5	147
16560	463
80	523
14960	269
7488	163
7480	855
16	107
96	77
80	63
14960	493
80	122
7496	168
16	103
96	50
7480	322
16	84
96	60
16	1245
96	695
16	552
96	288
7464	2192
16	404
96	218
5	585
16560	2119
80	360
14928	1545
80	225
7480	785
16	313
96	243
80	309
14960	3142
7488	746
16	244
96	162
5	183
16560	890
80	158
14976	513
80	571
80	313
7512	249
80	931
15024	793
80	236
80	225
7536	226
16	165
96	78
7520	385
16	120
96	52
7504	414
16	107
96	54
16	409
96	123
7488	1020
16	94
96	67
16	168
96	65
16	83
96	64
5	110
16560	588
80	88
14976	315
80	68
7504	224
80	123
15008	821
7512	109
16	79
96	61
80	123
15024	308
7520	128
16	78
96	40
80	69
15040	383
7528	103
16	89
96	42
16	813
96	298
80	632
15056	2592
80	579
7544	497
16	361
96	210
5	476
16560	1571
7528	1227
7512	983
16	170
96	90
7496	553
16	106
96	69
7480	572
16	118
96	59
16	480
96	126
5	133
16560	1585
80	161
14960	367
7488	298
7472	852
16	116
96	123
80	110
14944	384
80	59
7488	186
16	91
96	56
80	68
14976	352
80	65
7504	167
16	92
96	47
16	1025
96	378
80	588
15008	2269
80	180
80	302
7528	772
16	311
96	178
7520	1561
16	379
96	212
5	480
16560	1653
80	443
15040	1556
80	488
80	162
7544	605
80	867
15088	811
7552	261
16	147
96	152
80	485
15104	255
80	226
7568	188
16	103
96	73
80	303
15136	398
80	370
80	143
7592	127
16	741
96	134
5	81
16560	627
7568	484
80	185
15136	779
7576	273
16	95
96	75
80	61
15152	375
7584	110
16	95
96	55
80	72
15168	271
7592	92
16	82
96	42
16	813
96	155
80	1613
15184	256
80	81
80	187
7616	92
16	86
96	54
80	309
15232	112
7624	108
16	82
96	49
5	71
16560	256
7616	317
7608	611
16	106
96	102
16	104
96	49
80	73
15216	449
7616	103
16	87
96	55
16	1045
96	489
80	515
15232	2360
80	1051
7632	472
16	424
96	224
5	480
16560	1637
7624	1629
80	261
15248	1743
80	296
7640	358
16	158
96	100
7632	870
16	146
96	115
5	124
16560	566
7616	589
7608	963
16	119
96	72
7592	491
16	102
96	64
80	86
15184	548
80	62
80	53
7616	187
16	98
96	47
16	514
96	151
80	133
15232	1046
7624	156
16	99
96	51
5	77
16560	266
7608	322
7584	817
16	94
96	70
16	140
96	54
80	73
15168	528
80	82
80	57
7608	211
16	94
96	40
16	1175
96	629
7592	2643
16	356
96	230
5	326
16560	1292
80	348
15184	1160
80	194
7608	791
80	210
15216	1245
80	81
80	141
7632	339
16	183
96	123
7616	619
16	211
96	98
5	229
16560	879
80	596
15232	1261
80	343
80	188
7640	433
16	159
96	171
80	652
15280	667
80	247
7656	135
16	160
96	47
80	359
15312	177
80	137
7672	97
16	97
96	70
16	549
96	153
7664	784
16	94
96	60
5	146
16560	487
80	106
15328	317
80	203
7680	224
80	535
15360	480
80	277
80	108
7704	138
16	116
96	76
80	412
15408	209
80	137
80	356
7728	129
16	101
96	42
7712	315
16	88
96	47
16	513
96	196
7696	612
16	90
96	41
5	146
16560	816
80	130
15392	433
7704	142
80	178
15408	870
7712	177
16	79
96	68
7704	489
16	104
96	57
7688	313
16	91
96	51
16	1214
96	415
7672	2026
16	385
96	224
5	561
16560	2065
80	512
15344	1789
80	190
80	151
7696	916
7672	1972
16	257
96	129
7656	1038
16	205
96	105
5	158
16560	933
7632	1433
80	148
15264	1048
7640	254
16	103
96	62
7632	514
16	123
96	53
16	152
96	75
16	412
96	185
7624	969
16	92
96	63
5	94
16560	628
7600	641
80	167
15200	1044
7608	179
16	90
96	70
7592	609
16	100
96	66
7568	541
16	86
96	54
16	602
96	161
7552	1085
16	107
96	56
5	143
16560	598
7528	612
80	155
15056	906
7536	174
16	86
96	57
7528	512
16	98
96	52
7504	468
16	92
96	56
16	517
96	438
80	223
15008	960
80	121
7520	187
16	82
96	59
7512	362
16	91
96	42
5	89
16560	515
80	62
15024	294
80	50
7528	215
80	140
15056	907
7536	170
16	145
96	63
7512	558
16	89
96	61
7496	427
16	101
96	46
16	1113
96	538
80	732
14992	2750
80	315
7512	809
16	331
96	286
5	561
16560	2004
80	510
15024	1744
7520	538
80	196
15040	1735
80	188
7536	403
16	214
96	161
7528	847
16	208
96	157
5	150
16560	1012
7520	1291
7496	1138
16	139
96	124
7488	689
16	118
96	78
80	174
14976	770
80	76
80	62
7512	260
16	114
96	76
16	448
96	120
7504	966
16	114
96	66
5	122
16560	441
80	78
15008	324
7512	197
16	147
96	98
80	100
15024	820
7520	144
16	77
96	61
80	84
15040	279
7528	112
16	73
96	49
16	1264
96	361
7504	2175
16	361
96	160
5	278
16560	1142
80	238
15008	861
80	191
80	150
7528	669
16	453
96	425
16	705
96	337
5	205
16560	3579
7512	1260
7488	986
16	158
96	102
7480	681
16	147
96	78
5	157
16560	594
7456	1030
16	124
96	76
80	127
14912	458
80	125
7472	360
16	91
96	65
80	86
14944	383
80	109
80	45
7496	198
16	102
96	49
16	514
96	261
80	211
14992	992
80	114
80	324
7520	222
16	92
96	58
5	158
16560	767
7504	505
7496	691
16	115
96	43
7480	331
16	97
96	51
16	104
96	57
16	1094
96	602
7456	2422
16	404
96	154
5	479
16560	1796
80	273
14912	871
80	258
7472	772
7456	1288
16	176
96	93
7440	850
16	162
96	91
5	118
16560	546
7424	864
16	183
96	131
80	87
14848	1146
7432	382
16	99
96	68
7424	381
16	115
96	64
16	883
96	343
80	136
14848	1108
80	106
80	100
7448	144
16	77
96	48
5	145
16560	510
7424	417
80	596
14848	1669
7432	195
16	81
96	174
7424	392
16	83
96	41
7416	416
16	99
96	51
16	582
96	155
7392	1033
16	88
96	44
80	135
14784	668
80	122
80	94
7416	332
16	93
96	57
5	146
16560	517
7400	485
7376	720
16	95
96	222
7368	523
16	96
96	55
80	95
14736	597
7376	274
16	92
96	59
16	1310
96	743
7352	2816
16	332
96	220
5	556
16560	1792
80	590
14704	1861
80	218
80	175
7376	848
80	426
14752	2221
7384	468
16	323
96	146
7368	2059
16	261
96	174
5	200
16560	1135
7352	588
7336	1025
16	156
96	155
7328	730
16	137
96	82
16	176
96	74
16	257
96	53
80	132
14656	1481
7336	438
16	94
96	53
7328	474
16	96
96	80
16	103
96	61
5	185
16560	596
7320	443
7296	667
16	107
96	63
7280	443
16	109
96	44
80	69
14560	350
80	57
7296	316
16	79
96	49
16	1287
96	201
7280	904
16	74
96	55
16	121
96	56
16	103
96	51
5	143
16560	433
80	87
14560	343
80	79
7296	239
7272	886
16	99
96	56
80	63
14544	382
80	52
80	94
7296	192
16	80
96	69
16	106
96	46
16	545
96	248
16	193
96	53
7288	1058
16	78
96	41
16	158
96	65
5	77
16560	549
80	130
14576	351
7296	194
80	182
14592	851
80	114
80	108
7320	201
16	82
96	55
16	93
96	52
7304	297
16	76
96	43
16	540
96	201
80	239
14608	1320
80	128
7320	256
16	80
96	52
7312	499
16	77
96	52
16	190
96	76
5	89
16560	485
80	78
14624	279
80	61
80	195
7336	200
80	144
14672	820
80	306
80	212
7360	149
16	96
96	66
7336	417
16	91
96	41
7320	266
16	93
96	60
16	1352
96	600
7312	2312
16	365
96	280
7304	1537
16	353
96	230
5	562
16560	2176
7288	2222
16	534
96	416
448	451
448	210
3584	3595
448	230
448	181
7280	1740
7272	1371
80	225
14544	1445
80	186
80	111
7296	669
80	200
14592	979
80	135
80	135
7320	355
80	380
14640	1484
7328	413
80	886
14656	928
7336	394
80	1710
14672	571
7344	454
7336	1271
80	370
14672	1027
7344	458
7328	992
16	198
96	146
448	160
80	204
14656	850
80	109
80	636
7352	329
80	377
14704	436
80	558
7368	221
5	125
16560	501
80	588
14736	355
7376	317
80	131
14752	1013
80	65
80	166
7400	302
16	137
96	108
448	240
448	92
7392	512
7384	680
7368	482
7360	289
16	110
96	69
80	109
14720	387
80	62
80	60
7384	158
16	89
96	77
16	114
96	77
7376	332
16	114
96	79
80	95
14752	299
7384	151
16	100
96	73
16	307
96	140
448	173
80	162
14768	592
7392	324
5	185
16560	606
80	102
14784	424
80	315
80	134
7416	189
80	135
14832	673
80	245
7432	269
16	92
96	131
448	128
80	443
14864	183
80	141
7448	94
80	312
14896	117
7456	141
80	572
14912	216
7464	157
16	100
96	60
16	207
96	96
16	1193
96	163
448	139
80	129
14928	448
80	164
80	204
7488	257
80	503
14976	178
80	145
7504	175
7496	269
16	101
96	80
7472	263
16	106
96	54
16	143
96	61
5	68
16560	327
80	115
14944	248
80	55
80	54
7496	159
80	129
14992	657
80	114
80	254
7520	278
16	96
96	59
448	137
80	499
15040	203
80	187
80	318
7544	143
7520	457
80	79
15040	303
7528	130
16	90
96	57
80	95
15056	279
80	48
7544	226
16	73
96	43
16	466
96	212
448	138
7528	496
16	99
96	56
80	61
15056	376
7536	222
16	92
96	46
16	224
96	105
5	146
16560	483
7520	416
7496	723
16	104
96	55
448	168
80	84
14992	398
80	108
7512	156
80	66
15024	240
80	44
80	44
7536	112
16	89
96	61
7512	317
16	88
96	42
16	1335
96	634
448	542
80	597
15024	1931
80	270
7528	1320
7520	1911
16	401
96	228
448	262
7504	1323
80	530
15008	1870
80	247
7520	646
5	568
16560	1842
7496	1804
80	201
14992	1568
80	89
80	105
7520	708
16	214
96	185
448	237
448	153
448	146
80	249
15040	1925
80	197
7536	407
80	364
15072	826
80	118
80	330
7560	377
80	853
15120	313
80	376
80	214
7584	299
80	610
15168	236
80	285
80	478
7608	172
7584	510
80	102
15168	430
80	123
7600	380
16	177
96	97
448	201
80	178
15200	652
7608	164
5	141
16560	455
7600	898
16	130
96	60
448	224
448	87
80	103
15200	580
80	70
7616	262
80	482
15232	215
7624	164
7608	774
80	152
15216	687
7616	430
7608	345
16	108
96	119
80	95
15216	333
7616	166
16	113
96	76
16	450
96	393
7592	394
16	108
96	70
80	70
15184	295
80	89
7608	205
16	102
96	64
16	97
96	60
5	169
16560	536
80	95
15216	343
7616	154
7592	830
16	105
96	65
448	130
80	84
15184	386
80	47
80	45
7616	220
80	136
15232	452
7624	164
80	495
15248	200
7632	146
16	93
96	64
80	503
15264	160
80	173
7648	147
16	81
96	51
16	301
96	73
448	156
7640	532
80	100
15280	381
80	56
7656	186
7632	496
16	88
96	72
7624	309
16	103
96	56
5	85
16560	255
80	137
15248	450
80	63
80	38
7648	177
7632	783
16	122
96	76
448	126
448	56
7616	335
7608	292
16	111
96	63
80	73
15216	335
7616	219
16	113
96	61
16	975
96	124
448	135
7608	362
80	55
15216	266
80	54
7624	197
80	96
15248	288
80	42
80	44
7648	120
16	97
96	58
16	125
96	52
16	241
96	124
5	157
16560	570
7624	278
7600	861
16	105
96	57
448	127
7584	640
80	76
15168	325
7592	126
7576	346
16	85
96	67
7560	477
16	79
96	47
16	1135
96	526
448	421
80	603
15120	1868
80	250
7576	1420
80	385
15152	1259
80	203
7592	668
7568	1860
16	365
96	282
5	291
16560	1189
7544	2138
7520	2017
16	255
96	145
80	500
15040	2150
80	198
7536	994
7528	572
16	299
96	196
5	196
16560	1115
7512	941
80	124
15024	914
80	75
7528	329
16	187
96	133
80	92
15056	482
7536	143
16	126
96	63
7528	471
16	123
96	148
80	167
15056	631
7536	320
16	128
96	143
7512	490
16	95
96	125
5	233
16560	779
7496	897
7480	941
16	111
96	63
16	110
96	77
7456	690
16	102
96	58
16	553
96	191
7432	914
16	108
96	67
80	149
14864	531
7440	253
16	86
96	67
16	147
96	65
5	85
16560	447
7432	502
80	129
14864	841
80	140
80	103
7456	409
16	101
96	117
7432	330
16	105
96	55
80	74
14864	370
80	62
80	45
7456	163
16	87
96	51
16	553
96	171
7448	810
16	108
96	59
80	149
14896	521
80	77
80	51
7472	323
16	91
96	65
16	103
96	54
5	163
16560	534
7456	483
80	152
14912	955
80	156
7472	339
16	93
96	78
80	151
14944	383
7480	157
16	79
96	56
7472	340
16	69
96	47
16	1313
96	437
7464	2157
16	360
96	285
80	514
14928	1912
80	215
7480	659
16	341
96	238
5	564
16560	1881
16	318
96	187
80	144
14960	1094
7488	328
16	222
96	76
5	143
16560	778
7480	716
80	202
14960	997
80	241
80	834
7504	198
16	107
96	81
7496	481
16	119
96	61
7488	296
16	99
96	78
16	610
96	290
80	278
14976	2048
80	226
7504	465
16	313
96	141
5	467
16560	1654
7480	1514
80	141
14960	1420
7488	372
16	151
96	94
7464	525
16	137
96	70
5	137
16560	503
7440	646
16	164
96	165
7424	1114
16	111
96	43
80	82
14848	343
80	56
80	42
7448	202
16	83
96	52
16	754
96	305
80	263
14896	2233
7456	464
16	301
96	143
5	223
16560	1090
7432	750
80	188
14864	1061
80	138
7448	423
16	131
96	167
7440	791
16	148
96	118
5	234
16560	785
7432	513
80	206
14864	974
7440	248
16	105
96	61
80	119
14880	402
80	113
80	57
7464	188
16	95
96	59
7448	387
16	98
96	69
16	796
96	371
7440	1361
16	80
96	42
5	64
16560	260
16	132
96	139
80	84
14880	667
80	49
7456	188
16	71
96	46
80	61
14912	255
80	58
7472	107
16	78
96	53
16	100
96	50
16	1078
96	399
80	405
14944	2437
7480	717
16	313
96	138
5	265
16560	1079
16	237
96	132
7464	1022
16	117
96	81
5	119
16560	496
7440	386
80	201
14880	947
80	116
80	48
7464	229
16	488
96	126
7440	488
16	102
96	50
7432	408
16	137
96	75
16	592
96	174
80	236
14864	1152
80	105
80	44
7456	242
16	86
96	74
5	155
16560	507
80	134
14912	450
80	56
80	47
7480	195
80	188
14960	1001
80	130
7496	301
16	82
96	58
7472	455
16	89
96	57
80	75
14944	351
80	43
80	63
7496	222
16	78
96	60
16	915
96	513
7480	1406
16	319
96	207
5	249
16560	1425
7456	907
80	284
14912	2414
80	189
7472	580
16	463
96	231
7456	1839
16	468
96	175
5	219
16560	711
16	199
96	111
7432	1075
16	117
96	69
7408	697
16	131
96	64
16	114
96	114
5	116
16560	593
7400	885
80	88
14800	1033
80	229
7416	674
16	119
96	63
80	70
14832	474
80	53
7432	179
16	84
96	42
16	184
96	86
16	1142
96	482
80	525
14864	1764
7440	755
16	290
96	228
5	478
16560	1582
80	324
14880	1617
80	155
80	142
7464	665
16	343
96	147
80	999
14928	1881
80	579
80	784
7488	497
16	235
96	165
5	357
16560	1186
7472	658
7456	818
16	160
96	81
7440	581
16	116
96	80
5	143
16560	563
80	113
14880	732
80	72
80	111
7464	531
16	108
96	68
16	117
96	57
80	96
14928	774
7472	187
16	183
96	71
16	1455
96	249
7448	544
16	146
96	56
5	156
16560	464
80	134
14896	745
7456	621
16	88
96	110
80	131
14912	507
80	56
7472	164
16	84
96	68
7448	256
16	102
96	59
16	1058
96	621
80	600
14896	1791
80	343
7464	1524
16	329
96	268
5	563
16560	1985
16	231
96	161
80	116
14928	1157
80	95
7480	346
16	127
96	91
5	219
16560	704
80	133
14960	424
7488	215
80	92
14976	655
80	252
80	359
7512	204
16	124
96	135
16	125
96	63
7488	428
16	94
96	57
16	1194
96	556
80	223
14976	1745
80	274
7504	1036
16	298
96	137
5	519
16560	1657
80	278
15008	1401
7512	474
16	168
96	140
7488	1069
16	193
96	188
5	280
16560	1347
7464	1371
7440	1471
16	280
96	94
7432	1190
16	419
96	210
5	215
16560	1193
7416	888
16	167
96	94
7392	688
16	137
96	58
16	180
96	89
16	571
96	200
7368	1277
16	111
96	59
7344	507
16	119
96	71
5	86
16560	449
16	151
96	101
7336	890
16	151
96	57
80	76
14672	347
7344	240
16	98
96	60
16	445
96	222
80	154
14688	518
80	122
7360	272
16	90
96	47
80	140
14720	563
7368	157
16	99
96	63
16	125
96	58
5	90
16560	378
7360	460
16	160
96	94
80	80
14720	631
80	63
80	86
7384	381
16	87
96	63
16	167
96	83
16	1212
96	530
16	648
96	375
5	568
16560	2097
7368	1863
80	382
14736	2131
80	154
80	110
7392	1035
16	224
96	391
80	2745
14784	679
80	522
80	332
7416	585
16	337
96	184
5	197
16560	851
7400	708
7392	974
16	176
96	110
80	108
14784	536
7400	191
16	136
96	69
7392	457
16	140
96	92
7376	763
16	415
96	153
16	555
96	159
5	140
16560	1609
80	163
14752	354
80	77
80	119
7400	209
80	201
14800	800
80	57
80	205
7424	204
16	112
96	72
7408	394
16	101
96	59
7400	293
16	107
96	65
16	1551
96	250
7376	690
16	90
96	62
16	152
96	73
16	113
96	57
5	101
16560	441
80	125
14752	261
80	45
80	68
7400	277
80	81
14800	676
7408	201
16	97
96	43
7392	324
16	87
96	59
80	117
14784	291
80	52
80	46
7416	170
16	77
96	50
16	475
96	233
7408	646
16	97
96	59
7400	427
16	97
96	58
16	103
96	57
5	146
16560	427
7384	298
80	134
14768	770
7392	266
16	99
96	55
16	89
96	49
80	73
14784	356
80	57
80	45
7416	149
16	88
96	58
16	470
96	220
7400	677
16	80
96	55
80	97
14800	385
7408	207
16	84
96	50
16	134
96	71
5	68
16560	335
7392	264
80	151
14784	695
80	46
7408	267
16	88
96	63
7392	367
16	84
96	51
80	83
14784	315
80	60
80	47
7416	164
16	85
96	59
16	814
96	242
16	88
96	55
16	118
96	61
16	188
96	105
5	95
16560	726
7400	262
80	101
14800	744
80	45
80	102
7424	289
16	87
96	58
80	461
14848	159
80	168
80	171
7448	152
16	90
96	58
80	279
14896	126
7456	157
16	96
96	51
16	481
96	231
7440	686
16	84
96	58
80	176
14880	377
80	103
80	315
7464	151
16	82
96	51
16	182
96	77
5	69
16560	444
7440	285
16	132
96	82
7432	730
16	100
96	50
80	65
14864	351
7440	145
16	90
96	67
16	428
96	190
7416	452
16	106
96	56
7408	426
16	104
96	70
16	188
96	105
5	145
16560	414
7400	498
7384	1061
16	126
96	67
7368	435
16	87
96	50
80	63
14736	341
80	50
80	69
7392	237
16	73
96	56
16	1506
96	719
80	658
14784	2488
80	322
80	282
7416	952
16	401
96	273
7400	1899
16	412
96	226
5	301
16560	1304
80	538
14800	1770
80	202
7416	1189
7392	2002
16	355
96	149
80	359
14784	1807
80	237
80	126
7416	859
16	444
96	226
5	233
16560	1038
80	250
14832	763
80	974
7432	501
7424	919
16	152
96	100
80	94
14848	632
80	88
80	491
7448	209
16	273
96	317
80	1221
14896	457
7456	278
16	169
96	105
80	336
14912	338
80	553
7472	208
16	127
96	106
80	731
14944	303
7480	226
16	130
96	97
5	115
16560	400
80	371
14960	168
7488	151
80	138
14976	849
80	270
80	162
7512	214
16	123
96	92
7496	380
16	93
96	65
7480	283
16	113
96	47
16	568
96	182
7472	751
16	105
96	48
7456	374
16	108
96	66
16	101
96	59
5	73
16560	377
80	78
14912	320
7464	148
7448	969
16	128
96	83
80	68
14896	395
80	59
7464	253
16	98
96	133
7440	11340
16	95
96	56
16	291
96	128
7416	1316
16	100
96	56
7400	447
16	114
96	54
16	246
96	145
5	122
16560	508
80	88
14800	234
7408	243
80	85
14816	653
80	91
7424	241
16	98
96	62
16	104
96	56
80	611
14848	426
7432	117
16	169
96	262
16	1284
96	516
7416	627
16	96
96	55
16	146
96	69
16	184
96	95
5	145
16560	428
7408	261
7400	768
16	101
96	44
80	134
14800	486
80	57
7416	275
16	95
96	57
7400	1010
16	443
96	305
16	1083
96	174
7376	808
16	95
96	55
80	136
14752	468
80	46
80	93
7400	187
16	90
96	57
16	91
96	50
5	147
16560	511
7376	673
16	95
96	51
16	97
96	58
7368	450
16	97
96	51
16	1250
96	567
7344	2628
16	401
96	202
16	629
96	293
5	324
16560	1828
80	340
14688	1371
7352	488
80	482
14704	2946
80	133
7368	1400
16	334
96	229
7360	1515
16	292
96	164
5	410
16560	1268
80	298
14720	976
80	181
80	149
7384	519
80	176
14768	854
80	119
7400	235
16	88
96	58
16	102
96	50
7376	461
16	84
96	151
16	270
96	64
80	188
14752	602
80	99
80	195
7400	343
16	88
96	51
7376	279
16	92
96	41
5	85
16560	285
7352	252
16	143
96	156
7344	644
16	82
96	41
7336	422
16	166
96	109
16	970
96	494
16	482
96	252
5	218
16560	1782
7320	2536
16	557
96	252
16	524
96	375
5	484
16560	2036
7312	1831
7288	2733
16	1471
96	414
80	287
14576	2123
7296	655
16	309
96	226
5	219
16560	984
7272	1280
16	154
96	82
16	290
96	137
5	138
16560	1365
80	151
14544	436
7280	216
7264	774
16	101
96	65
80	61
14528	653
80	54
80	57
7288	206
16	156
96	65
80	231
14576	747
80	605
80	202
7312	606
16	459
96	185
16	461
96	248
7296	714
16	97
96	58
5	145
16560	465
7288	427
80	81
14576	615
80	72
80	50
7312	218
16	97
96	51
7296	334
16	87
96	40
7272	397
16	158
96	207
16	974
96	110
80	248
14544	752
80	104
80	41
7296	300
16	83
96	62
80	132
14592	496
80	45
80	95
7320	189
16	86
96	46
5	147
16560	449
16	149
96	100
7312	793
16	91
96	44
80	80
14624	622
7320	149
16	298
96	128
16	1216
96	749
80	548
14640	2049
80	398
7336	1236
16	371
96	226
5	570
16560	1863
80	1810
14672	790
7344	664
7328	1869
16	741
96	216
7304	1274
16	215
96	131
5	169
16560	696
80	175
14608	551
80	105
80	109
7328	349
7304	1198
16	183
96	91
80	109
14608	655
80	199
80	74
7328	422
16	243
96	226
7304	929
16	135
96	53
16	264
96	186
16	165
96	85
80	86
14608	551
80	81
7320	286
16	111
96	55
16	105
96	63
5	97
16560	399
80	86
14640	272
80	116
80	52
7344	160
80	443
14688	416
7352	149
16	99
96	50
80	248
14704	178
80	229
80	122
7376	131
16	91
96	43
80	436
14752	114
80	129
7392	164
16	303
96	54
16	701
96	130
7384	533
16	90
96	49
80	130
14768	486
80	74
7400	294
16	86
96	57
5	142
16560	459
7392	701
16	109
96	71
80	69
14784	360
7400	137
16	96
96	56
80	362
14800	168
80	198
80	91
7424	140
16	73
96	144
16	522
96	170
16	139
96	68
80	443
14848	519
80	430
80	110
7448	245
16	103
96	63
5	142
16560	440
7440	437
7416	891
16	130
96	54
80	63
14832	380
7424	144
16	75
96	39
80	63
14848	286
7432	103
16	253
96	99
16	525
96	119
80	233
14864	858
7440	192
16	88
96	67
7416	272
16	93
96	44
16	163
96	53
5	145
16560	443
80	72
14832	275
7424	231
80	157
14848	754
7432	189
16	102
96	64
80	88
14864	338
7440	121
16	109
96	69
7432	396
16	182
96	46
16	1163
96	547
7416	1760
16	356
96	270
80	519
14832	1764
80	218
80	160
7440	732
16	385
96	224
5	568
16560	1833
80	526
14880	1760
80	975
80	383
7464	590
80	1267
14928	1591
7472	485
16	764
96	627
16	329
96	118
5	182
16560	1558
7464	604
80	114
14928	773
7472	417
16	116
96	77
80	868
14944	280
7480	447
16	363
96	124
80	639
14960	213
80	198
7496	227
16	117
96	77
16	402
96	91
80	588
14992	209
80	178
80	359
7520	123
16	108
96	60
5	126
16560	377
7512	683
16	176
96	110
80	76
15024	721
80	477
7528	206
16	107
96	58
80	709
15056	315
80	488
7544	386
16	117
96	55
16	1084
96	393
80	818
15088	220
80	417
7560	234
16	129
96	68
5	163
16560	575
7536	522
7520	785
16	116
96	69
80	149
15040	565
80	65
80	84
7544	194
16	95
96	61
7536	1088
16	93
96	121
16	1174
96	130
80	357
15072	1893
80	204
7552	756
16	99
96	114
5	163
16560	618
7536	520
7520	801
16	107
96	68
16	156
96	96
80	148
15040	830
7528	300
16	251
96	133
16	996
96	306
80	220
15056	732
80	115
80	102
7552	299
16	92
96	66
16	178
96	99
5	163
16560	555
80	132
15104	832
7560	234
16	114
96	66
7552	374
16	112
96	56
7536	306
16	87
96	123
16	1275
96	596
80	563
15072	2399
80	356
7552	840
16	371
96	259
5	612
16560	2187
80	371
15104	1135
7560	571
7552	1966
16	350
96	137
7536	1777
16	240
96	167
5	439
16560	1447
80	367
15072	1208
80	153
7552	542
80	126
15104	798
7560	214
16	163
96	62
7536	508
16	102
96	58
80	182
15072	999
80	160
80	116
7560	463
16	169
96	114
5	147
16560	556
80	304
15120	997
80	578
7576	767
80	561
15152	596
80	181
7592	117
16	96
96	120
7584	466
16	91
96	56
80	136
15168	876
7592	152
16	608
96	111
16	820
96	142
7568	1270
16	119
96	240
5	142
16560	708
80	142
15136	853
7576	217
16	79
96	57
80	116
15152	363
80	103
80	132
7600	133
16	89
96	66
80	740
15200	182
80	183
80	91
7624	325
16	379
96	194
16	537
96	175
80	80
15248	601
80	354
80	146
7648	667
16	91
96	58
7640	850
16	81
96	49
5	74
16560	367
80	95
15280	251
7648	214
16	150
96	90
80	571
15296	472
7656	138
16	77
96	50
7640	298
16	92
96	42
16	403
96	213
7624	534
16	95
96	50
16	85
96	71
16	179
96	71
5	74
16560	696
80	61
15248	462
80	46
7640	324
7624	800
16	122
96	50
7600	334
16	95
96	68
7584	398
16	96
96	41
16	423
96	108
7560	461
16	100
96	49
7552	403
16	101
96	50
16	393
96	82
5	258
16560	1463
7528	421
80	115
15056	685
80	270
7544	204
16	83
96	57
7536	296
16	73
96	42
80	68
15072	330
80	187
7552	171
16	68
96	49
16	1106
96	405
80	452
15104	2149
7560	764
16	375
96	192
7536	1467
16	342
96	159
5	226
16560	1352
80	238
15072	1701
7544	245
16	206
96	96
7528	1567
16	168
96	153
5	265
16560	1036
80	279
15056	797
7536	297
80	213
15072	1131
80	133
7552	305
16	116
96	79
80	230
15104	841
7560	191
16	139
96	130
7544	629
16	132
96	64
16	369
96	150
80	212
15088	709
80	75
80	64
7568	399
16	110
96	70
5	189
16560	591
80	188
15136	637
80	65
7584	237
80	397
15168	782
7592	257
16	125
96	76
7584	447
16	118
96	62
7568	378
16	131
96	55
16	834
96	82
7552	923
16	113
96	53
7544	302
16	100
96	61
5	96
16560	353
80	141
15088	800
80	84
7560	283
16	119
96	70
7536	634
16	117
96	55
7528	537
16	170
96	154
16	894
96	291
7504	1198
16	106
96	52
7496	691
16	112
96	62
5	137
16560	444
80	79
14992	340
80	139
7512	215
16	190
96	161
16	153
96	74
16	155
96	62
16	1336
96	155
80	251
15024	1792
80	126
80	100
7536	262
16	95
96	57
80	106
15072	343
7544	124
16	99
96	54
5	80
16560	348
80	123
15088	255
80	150
7560	119
16	163
96	97
7544	877
16	97
96	63
80	365
15088	676
80	50
80	130
7568	370
16	280
96	58
16	954
96	432
7552	2084
16	334
96	260
5	559
16560	1860
7544	1606
80	417
15088	3343
7552	610
16	712
96	270
80	230
15104	1426
7560	579
16	301
96	232
5	272
16560	1096
80	282
15120	907
80	996
80	582
7584	308
80	432
15168	844
7592	264
16	158
96	85
16	486
96	178
5	214
16560	1293
80	716
15184	291
7600	334
7584	905
16	144
96	54
7576	405
16	100
96	55
7560	368
16	81
96	261
16	716
96	278
80	257
15120	1891
80	169
80	218
7584	828
16	295
96	165
5	467
16560	1570
80	434
15168	1074
7592	361
7568	1508
16	182
96	73
80	93
15136	567
80	78
7584	265
16	116
96	89
7560	486
16	153
96	202
5	103
16560	886
7544	408
80	126
15088	873
80	51
80	46
7568	219
16	87
96	66
7544	344
16	97
96	54
7536	484
16	132
96	140
16	698
96	370
80	461
15072	2034
80	239
80	401
7560	730
16	289
96	208
5	475
16560	1590
80	430
15120	1417
7568	486
7544	1133
16	170
96	101
80	100
15088	542
80	127
80	61
7568	319
16	248
96	283
5	351
16560	1107
80	229
15136	298
80	120
80	120
7592	254
7576	727
16	119
96	71
80	82
15152	357
7584	148
16	89
96	70
7568	689
16	75
96	151
16	610
96	176
80	1173
15136	2734
80	192
7584	948
16	327
96	202
5	465
16560	1669
80	430
15168	1568
7592	789
7584	977
16	103
96	55
80	131
15168	484
80	180
80	49
7608	257
16	78
96	58
80	1256
15216	167
80	200
7624	134
16	187
96	56
16	196
96	51
80	446
15248	454
7632	194
16	94
96	68
80	685
15264	175
80	219
80	111
7656	161
16	95
96	58
16	110
96	41
5	98
16560	313
7640	260
7632	656
16	90
96	58
7608	325
16	101
96	55
80	140
15216	480
80	61
80	48
7632	346
16	89
96	69
16	455
96	203
7608	595
16	92
96	60
7592	526
16	98
96	57
16	114
96	76
5	146
16560	476
80	124
15184	428
7600	147
80	80
15200	833
80	62
80	113
7624	257
16	92
96	51
16	97
96	61
7616	437
16	107
96	50
16	1796
96	173
16	126
96	48
16	148
96	79
16	186
96	81
5	86
16560	873
7592	298
7584	985
16	104
96	46
80	62
15168	336
80	56
80	36
7608	255
16	80
96	41
80	69
15216	251
80	53
7624	116
16	72
96	53
16	817
96	303
16	552
96	283
80	504
15248	2780
7632	688
16	375
96	157
5	566
16560	2125
80	333
15264	1505
80	484
7648	486
16	601
96	171
7632	1289
16	199
96	121
5	153
16560	715
7624	561
80	173
15248	802
80	126
80	49
7648	255
16	121
96	90
80	115
15296	481
80	288
80	224
7672	146
16	120
96	59
7648	732
16	247
96	232
16	301
96	95
7632	863
16	100
96	59
5	167
16560	539
80	143
15264	510
7640	169
80	83
15280	897
7648	195
16	88
96	61
7640	362
16	95
96	61
7624	262
16	89
96	47
16	893
96	127
7608	908
16	90
96	60
7592	446
16	82
96	51
5	146
16560	448
7584	1808
16	116
96	56
7560	531
16	89
96	50
80	98
15120	345
80	44
7576	162
16	80
96	47
16	895
96	109
80	231
15152	1016
80	101
80	94
7600	233
16	82
96	48
16	144
96	70
5	145
16560	430
7592	296
7568	760
16	104
96	61
16	101
96	49
80	69
15136	376
80	44
7584	164
16	89
96	56
16	1499
96	171
80	182
15168	993
7592	266
16	82
96	53
7568	456
16	111
96	57
16	90
96	57
5	66
16560	310
80	123
15136	404
80	75
80	47
7592	311
7584	633
16	107
96	73
7576	296
16	87
96	52
80	65
15152	334
7584	114
16	119
96	141
16	965
96	243
7568	1788
16	388
96	157
80	448
15136	1468
7576	468
16	361
96	192
5	303
16560	1369
80	329
15152	972
80	228
7592	847
80	199
15184	1239
7600	484
16	166
96	83
7576	1528
16	314
96	84
5	119
16560	626
80	114
15152	445
80	110
7592	292
80	271
15184	903
80	121
7608	258
16	112
96	61
16	149
96	76
80	85
15216	568
80	322
7624	351
16	276
96	146
16	1178
96	271
7616	501
16	93
96	55
5	69
16560	275
80	123
15232	286
80	106
7632	193
7616	665
16	135
96	50
80	54
15232	320
80	45
7632	167
16	90
96	48
16	130
96	63
16	852
96	282
7608	1159
16	353
96	186
5	169
16560	880
7584	1034
80	221
15168	1327
80	188
80	78
7608	434
16	137
96	95
7584	888
16	272
96	422
5	237
16560	1007
7560	1014
80	151
15120	869
80	148
7576	269
16	104
96	70
16	98
96	72
7568	349
16	103
96	69
16	1152
96	410
7552	1805
16	351
96	173
5	481
16560	1612
80	273
15104	1088
7560	420
16	245
96	171
80	273
15120	1174
80	152
80	63
7584	518
16	223
96	145
5	293
16560	1637
80	173
15168	416
80	183
80	60
7608	411
7584	799
16	144
96	72
16	124
96	66
80	70
15168	548
7592	154
16	93
96	128
16	1409
96	162
80	171
15184	566
7600	373
16	81
96	64
5	146
16560	465
7584	438
7576	640
16	96
96	70
16	137
96	75
7568	563
16	373
96	82
16	473
96	157
7544	707
16	87
96	59
80	130
15088	505
7552	153
16	79
96	68
5	145
16560	424
80	132
15104	444
7560	153
80	119
15120	703
80	106
80	60
7584	228
16	78
96	57
80	85
15168	334
80	47
7600	126
16	94
96	48
7576	347
16	188
96	184
16	1241
96	158
16	170
96	86
16	164
96	77
16	107
96	52
5	156
16560	692
80	101
15152	347
80	56
7592	374
80	110
15184	783
80	198
80	60
7616	202
16	110
96	80
7600	375
16	103
96	112
80	83
15200	440
80	58
80	109
7624	414
16	238
96	116
16	1151
96	464
80	2725
15248	882
80	1639
7640	583
16	347
96	257
5	287
16560	1158
7624	974
80	373
15248	2207
80	233
7640	894
16	445
96	163
80	1374
15280	419
7648	375
16	204
96	104
5	322
16560	1030
80	744
15296	305
7656	375
80	835
15312	651
7664	199
16	113
96	89
16	111
96	62
80	859
15328	393
80	1461
80	211
7688	239
16	187
96	113
16	166
96	53
80	697
15376	140
7696	163
16	159
96	57
80	1184
15392	403
80	159
7712	140
16	246
96	63
5	159
16560	427
80	251
15424	295
80	483
7728	111
80	522
15456	509
80	184
7744	125
16	96
96	49
7736	480
16	426
96	291
7728	529
16	152
96	54
16	1423
96	130
80	198
15456	771
80	49
80	387
7752	157
16	86
96	60
7728	551
16	86
96	61
5	145
16560	558
7720	394
16	148
96	87
80	130
15440	806
80	51
7736	159
16	85
96	52
7720	360
16	80
96	73
16	1226
96	413
7704	1767
16	567
96	320
5	380
16560	1568
7688	1491
7664	1784
16	240
96	110
80	285
15328	1138
80	120
7680	320
16	298
96	245
5	351
16560	1316
80	179
15360	539
7688	241
80	171
15376	1226
80	56
80	53
7712	209
16	97
96	62
7688	536
16	179
96	82
7680	929
16	177
96	53
16	341
96	123
7672	714
16	109
96	77
80	100
15344	523
80	62
7688	256
16	103
96	54
5	110
16560	398
80	82
15376	311
80	60
7704	143
7680	882
16	119
96	79
80	73
15360	376
80	57
80	51
7704	178
16	103
96	56
7696	417
16	260
96	151
16	442
96	181
16	175
96	96
7680	588
16	99
96	68
5	163
16560	580
7664	306
7648	759
16	125
96	82
16	139
96	69
7640	698
16	80
96	59
16	269
96	119
80	209
15280	1116
7648	313
16	89
96	83
7640	577
16	101
96	66
16	103
96	58
5	175
16560	573
80	150
15280	503
80	61
80	55
7664	331
7648	798
16	118
96	74
80	73
15296	396
7656	157
16	112
96	65
7632	420
16	195
96	177
16	1224
96	174
7624	814
16	108
96	61
80	185
15248	532
80	60
7640	345
16	89
96	71
16	188
96	71
5	164
16560	552
7616	576
80	165
15232	866
80	60
80	70
7640	310
16	93
96	56
7632	355
16	90
96	59
7624	538
16	178
96	70
16	929
96	153
7608	806
16	122
96	67
7592	667
16	113
96	70
16	214
96	79
5	164
16560	549
7576	605
80	199
15152	1059
7584	322
16	105
96	69
80	90
15168	358
80	52
7600	175
16	93
96	56
7576	417
16	340
96	162
16	495
96	176
80	147
15152	916
7584	294
16	94
96	69
80	136
15168	403
80	56
80	86
7608	241
16	87
96	58
16	213
96	103
5	94
16560	556
16	159
96	106
7592	895
16	107
96	61
7584	450
16	91
96	48
16	1341
96	166
7576	771
16	108
96	75
7568	462
16	113
96	60
16	209
96	103
5	166
16560	522
80	151
15136	488
7576	160
7560	763
16	114
96	69
7552	488
16	113
96	58
80	74
15104	732
80	54
80	137
7576	205
16	177
96	55
16	1200
96	143
80	207
15152	741
80	106
7592	274
16	90
96	66
16	172
96	91
16	205
96	105
5	166
16560	527
80	151
15184	495
7600	175
80	122
15200	807
80	268
80	66
7624	226
16	100
96	73
80	69
15248	364
80	70
7640	137
16	89
96	56
80	451
15280	186
7648	136
16	103
96	135
16	1153
96	480
7624	2037
16	377
96	237
80	702
15248	2000
80	193
80	180
7648	1011
16	319
96	202
5	562
16560	1834
80	1177
15296	1537
7656	577
80	1164
15312	1146
7664	332
16	181
96	90
80	771
15328	835
7672	261
16	625
96	108
5	129
16560	602
80	625
15344	235
80	156
80	336
7696	223
80	385
15392	850
80	434
80	131
7720	150
16	137
96	78
7712	389
16	120
96	63
7696	362
16	133
96	73
16	580
96	418
80	155
15392	1164
7704	149
16	104
96	48
80	153
15408	597
7712	172
16	91
96	74
5	170
16560	585
80	150
15424	504
80	157
80	232
7736	133
80	506
15472	532
80	93
80	260
7760	122
16	81
96	67
16	123
96	57
7752	430
16	146
96	218
16	809
96	454
80	492
15504	1981
80	876
80	537
7776	582
16	367
96	228
5	474
16560	1692
7760	1090
80	152
15520	1134
80	97
7776	275
16	116
96	70
7768	557
16	153
96	188
7744	961
16	282
96	81
5	91
16560	702
7728	671
16	113
96	71
7712	424
16	103
96	58
7704	1115
16	147
96	56
16	273
96	101
7696	683
16	92
96	49
7680	743
16	91
96	58
16	157
96	54
5	148
16560	492
7656	694
7648	816
16	84
96	58
7624	455
16	96
96	48
7600	430
16	87
96	49
16	1035
96	537
7576	2424
16	387
96	228
5	577
16560	1996
80	523
15152	1807
7584	558
80	426
15168	2769
80	281
80	123
7608	18125
16	954
96	105
80	357
15216	1529
80	146
80	103
7632	507
16	164
96	127
5	316
16560	1249
80	552
15264	1122
80	450
7648	311
16	159
96	91
80	554
15296	795
7656	276
16	268
96	428
80	1684
15312	436
7664	235
16	176
96	103
5	257
16560	838
80	582
15328	265
80	499
80	161
7688	225
80	759
15376	661
80	151
80	410
7712	154
16	156
96	100
80	624
15424	226
7720	203
16	145
96	75
80	599
15440	187
7728	218
16	180
96	63
16	244
96	77
16	187
96	97
7720	982
16	111
96	82
16	111
96	70
5	94
16560	394
80	89
15440	304
7728	173
80	333
15456	1197
80	337
80	99
7752	125
16	91
96	76
80	419
15504	172
80	227
80	108
7776	114
16	166
96	65
80	975
15552	185
80	168
7792	88
16	88
96	49
16	748
96	345
7776	1762
16	338
96	177
80	436
15552	1628
7784	430
16	298
96	246
5	470
16560	1490
7768	806
7752	1105
16	518
96	107
7728	1437
16	503
96	81
5	100
16560	805
7712	810
16	128
96	66
7704	478
16	88
96	53
80	80
15408	340
7712	137
16	92
96	43
16	433
96	153
80	181
15424	1733
80	54
80	386
7736	461
16	320
96	179
5	217
16560	465
80	64
15472	521
80	114
80	101
7760	111
7752	685
16	119
96	55
16	97
96	47
80	72
15504	368
7760	173
16	163
96	140
16	671
96	122
80	415
15520	505
80	252
7776	115
16	73
96	64
80	328
15552	154
80	89
7792	114
16	94
96	52
16	121
96	44
5	83
16560	685
80	499
15584	443
80	247
7808	116
16	85
96	62
80	297
15616	130
80	117
7824	92
16	150
96	53
7816	502
16	170
96	46
16	490
96	125
80	175
15632	665
7824	156
16	87
96	63
16	137
96	81
16	92
96	47
5	158
16560	1057
80	349
15648	277
80	392
7840	135
7832	754
16	102
96	65
16	85
96	50
16	135
96	54
16	490
96	190
16	175
96	185
16	171
96	74
5	99
16560	1117
80	78
15664	348
7840	191
80	604
15680	551
7848	170
16	131
96	93
7824	376
16	114
96	58
80	276
15648	1238
7832	189
16	224
96	79
16	209
96	86
80	203
15664	695
7840	310
16	108
96	68
16	167
96	79
16	417
96	96
5	187
16560	1002
80	145
15680	277
80	518
80	107
7864	157
7840	862
16	115
96	69
80	242
15680	890
80	183
7856	411
16	199
96	63
80	88
15712	597
80	405
80	295
7880	235
16	95
96	91
16	176
96	74
7872	610
16	113
96	81
7864	494
16	119
96	60
16	265
96	96
5	172
16560	697
80	140
15728	317
7872	152
80	400
15744	743
7880	200
16	87
96	58
7856	370
16	98
96	58
7848	416
16	148
96	74
16	362
96	134
16	400
96	146
7824	1386
16	131
96	75
16	180
96	69
5	170
16560	503
7808	599
16	199
96	130
80	250
15616	1498
80	149
80	58
7832	323
16	283
96	280
7808	983
16	147
96	74
16	330
96	108
80	266
15616	1244
80	75
7824	434
16	305
96	60
7800	1625
16	111
96	91
16	267
96	154
5	211
16560	657
80	153
15600	508
80	63
80	121
7824	337
80	235
15648	1191
7832	233
16	118
96	107
80	97
15664	507
80	67
7848	333
16	239
96	85
16	207
96	96
16	452
96	135
80	231
15696	910
7856	203
16	111
96	83
80	551
15712	1201
80	575
7872	192
16	139
96	107
16	284
96	94
5	208
16560	895
80	464
15744	857
7880	230
16	156
96	95
7872	738
16	351
96	132
80	189
15744	601
80	313
7888	179
16	122
96	102
16	375
96	134
80	471
15776	708
80	571
80	145
7912	190
16	144
96	85
16	211
96	102
16	330
96	131
5	116
16560	14357
7904	443
7896	945
16	162
96	76
80	80
15792	556
7904	184
16	259
96	199
7896	688
16	160
96	67
16	162
96	77
7872	515
16	135
96	69
7856	895
16	217
96	78
16	347
96	72
5	243
16560	820
80	253
15712	601
7864	178
7840	1008
16	178
96	80
80	101
15680	653
7848	205
16	139
96	69
80	188
15696	1621
80	76
7864	223
16	121
96	81
16	491
96	147
7848	941
16	137
96	72
16	158
96	98
16	918
96	157
5	212
16560	607
7840	677
80	114
15680	1013
7848	237
16	134
96	100
80	192
15696	668
7856	228
16	132
96	77
80	299
15712	1279
80	129
7872	246
16	118
96	89
16	415
96	158
7848	1865
16	124
96	81
7832	1320
16	210
96	88
16	1119
96	108
5	118
16560	535
7816	522
7808	966
16	131
96	89
80	170
15616	528
7816	266
16	124
96	167
80	144
15632	870
80	182
7832	250
16	120
96	137
16	161
96	63
7816	441
16	137
96	68
80	107
15632	752
80	74
80	69
7840	183
16	177
96	74
16	410
96	90
5	120
16560	1269
7824	337
7808	684
16	144
96	74
7792	780
16	246
96	50
80	339
15584	966
80	115
80	61
7816	180
16	144
96	62
16	319
96	78
80	131
15632	673
7824	154
16	120
96	68
7816	742
16	162
96	57
16	138
96	86
5	88
16560	506
7800	253
7776	674
16	105
96	54
7768	380
16	101
96	47
80	70
15536	393
7776	123
16	185
96	46
16	596
96	58
7768	1083
16	333
96	56
80	196
15536	1339
80	179
80	37
7792	253
16	69
96	46
16	82
96	74
5	144
16560	565
7784	431
80	133
15568	686
80	60
80	103
7808	216
16	92
96	53
80	131
15616	477
7816	163
16	87
96	163
16	206
96	58
16	572
96	180
16	447
96	244
16	496
96	217
16	858
96	360
5	336
16560	20058
80	288
15632	1115
7824	468
80	458
15648	827
80	523
80	269
7848	203
16	164
96	117
80	971
15696	794
80	130
80	269
7872	596
16	222
96	62
5	90
16560	510
7864	319
16	162
96	87
7848	731
16	98
96	56
80	287
15696	1370
80	363
80	49
7872	206
16	103
96	49
16	822
96	311
7848	1850
16	383
96	207
5	399
16560	1381
7824	850
80	169
15648	792
7832	235
16	120
96	93
80	422
15664	1229
7840	197
16	129
96	70
5	177
16560	459
7824	309
7816	745
16	204
96	99
7808	1000
16	94
96	42
80	81
15616	456
7816	146
16	92
96	46
16	725
96	477
7792	2101
16	347
96	250
5	269
16560	1304
80	289
15584	955
7800	448
80	188
15600	1374
7808	217
16	130
96	67
80	387
15616	1912
7816	293
16	212
96	65
5	92
16560	359
7792	846
16	493
96	250
7784	834
16	91
96	59
7760	729
16	99
96	65
16	974
96	106
80	168
15520	479
7768	133
16	96
96	50
5	142
16560	440
7760	540
80	435
15520	792
7768	159
16	141
96	71
80	246
15536	691
80	116
80	99
7792	222
16	369
96	128
7776	882
16	87
96	60
16	768
96	416
7768	1639
16	357
96	196
5	518
16560	1799
80	541
15536	1558
80	261
7784	527
80	524
15568	3927
80	334
80	276
7808	750
16	343
96	208
9	591
